[
  {
    "pk": 5, 
    "model": "contenttypes.contenttype", 
    "fields": {
      "model": "contenttype", 
      "name": "content type", 
      "app_label": "contenttypes"
    }
  }, 
  {
    "pk": 12, 
    "model": "contenttypes.contenttype", 
    "fields": {
      "model": "forum", 
      "name": "forum", 
      "app_label": "forum"
    }
  }, 
  {
    "pk": 10, 
    "model": "contenttypes.contenttype", 
    "fields": {
      "model": "forumprofile", 
      "name": "forum profile", 
      "app_label": "forum"
    }
  }, 
  {
    "pk": 2, 
    "model": "contenttypes.contenttype", 
    "fields": {
      "model": "group", 
      "name": "group", 
      "app_label": "auth"
    }
  }, 
  {
    "pk": 8, 
    "model": "contenttypes.contenttype", 
    "fields": {
      "model": "logentry", 
      "name": "log entry", 
      "app_label": "admin"
    }
  }, 
  {
    "pk": 4, 
    "model": "contenttypes.contenttype", 
    "fields": {
      "model": "message", 
      "name": "message", 
      "app_label": "auth"
    }
  }, 
  {
    "pk": 1, 
    "model": "contenttypes.contenttype", 
    "fields": {
      "model": "permission", 
      "name": "permission", 
      "app_label": "auth"
    }
  }, 
  {
    "pk": 14, 
    "model": "contenttypes.contenttype", 
    "fields": {
      "model": "post", 
      "name": "post", 
      "app_label": "forum"
    }
  }, 
  {
    "pk": 9, 
    "model": "contenttypes.contenttype", 
    "fields": {
      "model": "registrationprofile", 
      "name": "registration profile", 
      "app_label": "registration"
    }
  }, 
  {
    "pk": 15, 
    "model": "contenttypes.contenttype", 
    "fields": {
      "model": "search", 
      "name": "search", 
      "app_label": "forum"
    }
  }, 
  {
    "pk": 11, 
    "model": "contenttypes.contenttype", 
    "fields": {
      "model": "section", 
      "name": "section", 
      "app_label": "forum"
    }
  }, 
  {
    "pk": 6, 
    "model": "contenttypes.contenttype", 
    "fields": {
      "model": "session", 
      "name": "session", 
      "app_label": "sessions"
    }
  }, 
  {
    "pk": 7, 
    "model": "contenttypes.contenttype", 
    "fields": {
      "model": "site", 
      "name": "site", 
      "app_label": "sites"
    }
  }, 
  {
    "pk": 13, 
    "model": "contenttypes.contenttype", 
    "fields": {
      "model": "topic", 
      "name": "topic", 
      "app_label": "forum"
    }
  }, 
  {
    "pk": 3, 
    "model": "contenttypes.contenttype", 
    "fields": {
      "model": "user", 
      "name": "user", 
      "app_label": "auth"
    }
  }, 
  {
    "pk": 1, 
    "model": "sites.site", 
    "fields": {
      "domain": "example.com", 
      "name": "example.com"
    }
  }, 
  {
    "pk": 1, 
    "model": "forum.forumprofile", 
    "fields": {
      "website": "", 
      "group": "A", 
      "title": "", 
      "post_count": 54, 
      "posts_per_page": null, 
      "avatar": "", 
      "auto_fast_reply": false, 
      "topics_per_page": null, 
      "location": "", 
      "timezone": "", 
      "user": 1
    }
  }, 
  {
    "pk": 2, 
    "model": "forum.forumprofile", 
    "fields": {
      "website": "", 
      "group": "M", 
      "title": "", 
      "post_count": 54, 
      "posts_per_page": null, 
      "avatar": "", 
      "auto_fast_reply": false, 
      "topics_per_page": null, 
      "location": "", 
      "timezone": "", 
      "user": 2
    }
  }, 
  {
    "pk": 3, 
    "model": "forum.forumprofile", 
    "fields": {
      "website": "", 
      "group": "U", 
      "title": "", 
      "post_count": 54, 
      "posts_per_page": null, 
      "avatar": "", 
      "auto_fast_reply": false, 
      "topics_per_page": null, 
      "location": "", 
      "timezone": "", 
      "user": 3
    }
  }, 
  {
    "pk": 1, 
    "model": "forum.section", 
    "fields": {
      "name": "Section 1", 
      "order": 1
    }
  }, 
  {
    "pk": 2, 
    "model": "forum.section", 
    "fields": {
      "name": "Section 2", 
      "order": 2
    }
  }, 
  {
    "pk": 3, 
    "model": "forum.section", 
    "fields": {
      "name": "Section 3", 
      "order": 3
    }
  }, 
  {
    "pk": 1, 
    "model": "forum.forum", 
    "fields": {
      "locked": false, 
      "name": "Forum 1", 
      "last_username": "user", 
      "section": 1, 
      "topic_count": 3, 
      "last_user_id": 3, 
      "last_topic_title": "Topic 3", 
      "last_topic_id": 3, 
      "hidden": false, 
      "last_post_at": "2011-02-10 10:30:49", 
      "order": 1, 
      "description": ""
    }
  }, 
  {
    "pk": 4, 
    "model": "forum.forum", 
    "fields": {
      "locked": false, 
      "name": "Forum 1", 
      "last_username": "user", 
      "section": 2, 
      "topic_count": 3, 
      "last_user_id": 3, 
      "last_topic_title": "Topic 3", 
      "last_topic_id": 12, 
      "hidden": false, 
      "last_post_at": "2011-02-10 10:30:49", 
      "order": 1, 
      "description": ""
    }
  }, 
  {
    "pk": 7, 
    "model": "forum.forum", 
    "fields": {
      "locked": false, 
      "name": "Forum 1", 
      "last_username": "user", 
      "section": 3, 
      "topic_count": 3, 
      "last_user_id": 3, 
      "last_topic_title": "Topic 3", 
      "last_topic_id": 21, 
      "hidden": false, 
      "last_post_at": "2011-02-10 10:30:49", 
      "order": 1, 
      "description": ""
    }
  }, 
  {
    "pk": 2, 
    "model": "forum.forum", 
    "fields": {
      "locked": false, 
      "name": "Forum 2", 
      "last_username": "user", 
      "section": 1, 
      "topic_count": 3, 
      "last_user_id": 3, 
      "last_topic_title": "Topic 3", 
      "last_topic_id": 6, 
      "hidden": false, 
      "last_post_at": "2011-02-10 10:30:49", 
      "order": 2, 
      "description": ""
    }
  }, 
  {
    "pk": 5, 
    "model": "forum.forum", 
    "fields": {
      "locked": false, 
      "name": "Forum 2", 
      "last_username": "user", 
      "section": 2, 
      "topic_count": 3, 
      "last_user_id": 3, 
      "last_topic_title": "Topic 3", 
      "last_topic_id": 15, 
      "hidden": false, 
      "last_post_at": "2011-02-10 10:30:49", 
      "order": 2, 
      "description": ""
    }
  }, 
  {
    "pk": 8, 
    "model": "forum.forum", 
    "fields": {
      "locked": false, 
      "name": "Forum 2", 
      "last_username": "user", 
      "section": 3, 
      "topic_count": 3, 
      "last_user_id": 3, 
      "last_topic_title": "Topic 3", 
      "last_topic_id": 24, 
      "hidden": false, 
      "last_post_at": "2011-02-10 10:30:49", 
      "order": 2, 
      "description": ""
    }
  }, 
  {
    "pk": 3, 
    "model": "forum.forum", 
    "fields": {
      "locked": false, 
      "name": "Forum 3", 
      "last_username": "user", 
      "section": 1, 
      "topic_count": 3, 
      "last_user_id": 3, 
      "last_topic_title": "Topic 3", 
      "last_topic_id": 9, 
      "hidden": false, 
      "last_post_at": "2011-02-10 10:30:49", 
      "order": 3, 
      "description": ""
    }
  }, 
  {
    "pk": 6, 
    "model": "forum.forum", 
    "fields": {
      "locked": false, 
      "name": "Forum 3", 
      "last_username": "user", 
      "section": 2, 
      "topic_count": 3, 
      "last_user_id": 3, 
      "last_topic_title": "Topic 3", 
      "last_topic_id": 18, 
      "hidden": false, 
      "last_post_at": "2011-02-10 10:30:49", 
      "order": 3, 
      "description": ""
    }
  }, 
  {
    "pk": 9, 
    "model": "forum.forum", 
    "fields": {
      "locked": false, 
      "name": "Forum 3", 
      "last_username": "user", 
      "section": 3, 
      "topic_count": 3, 
      "last_user_id": 3, 
      "last_topic_title": "Topic 3", 
      "last_topic_id": 27, 
      "hidden": false, 
      "last_post_at": "2011-02-10 10:30:49", 
      "order": 3, 
      "description": ""
    }
  }, 
  {
    "pk": 27, 
    "model": "forum.topic", 
    "fields": {
      "last_post_at": "2011-02-10 10:30:49", 
      "locked": false, 
      "description": "", 
      "forum": 9, 
      "title": "Topic 3", 
      "post_count": 3, 
      "pinned": false, 
      "metapost_count": 3, 
      "last_username": "user", 
      "user": 3, 
      "hidden": false, 
      "started_at": "2011-02-10 10:30:49", 
      "last_user_id": 3
    }
  }, 
  {
    "pk": 26, 
    "model": "forum.topic", 
    "fields": {
      "last_post_at": "2011-02-10 10:30:49", 
      "locked": false, 
      "description": "", 
      "forum": 9, 
      "title": "Topic 2", 
      "post_count": 3, 
      "pinned": false, 
      "metapost_count": 3, 
      "last_username": "moderator", 
      "user": 2, 
      "hidden": false, 
      "started_at": "2011-02-10 10:30:49", 
      "last_user_id": 2
    }
  }, 
  {
    "pk": 25, 
    "model": "forum.topic", 
    "fields": {
      "last_post_at": "2011-02-10 10:30:49", 
      "locked": false, 
      "description": "", 
      "forum": 9, 
      "title": "Topic 1", 
      "post_count": 3, 
      "pinned": false, 
      "metapost_count": 3, 
      "last_username": "admin", 
      "user": 1, 
      "hidden": false, 
      "started_at": "2011-02-10 10:30:49", 
      "last_user_id": 1
    }
  }, 
  {
    "pk": 24, 
    "model": "forum.topic", 
    "fields": {
      "last_post_at": "2011-02-10 10:30:49", 
      "locked": false, 
      "description": "", 
      "forum": 8, 
      "title": "Topic 3", 
      "post_count": 3, 
      "pinned": false, 
      "metapost_count": 3, 
      "last_username": "user", 
      "user": 3, 
      "hidden": false, 
      "started_at": "2011-02-10 10:30:49", 
      "last_user_id": 3
    }
  }, 
  {
    "pk": 23, 
    "model": "forum.topic", 
    "fields": {
      "last_post_at": "2011-02-10 10:30:49", 
      "locked": false, 
      "description": "", 
      "forum": 8, 
      "title": "Topic 2", 
      "post_count": 3, 
      "pinned": false, 
      "metapost_count": 3, 
      "last_username": "moderator", 
      "user": 2, 
      "hidden": false, 
      "started_at": "2011-02-10 10:30:49", 
      "last_user_id": 2
    }
  }, 
  {
    "pk": 22, 
    "model": "forum.topic", 
    "fields": {
      "last_post_at": "2011-02-10 10:30:49", 
      "locked": false, 
      "description": "", 
      "forum": 8, 
      "title": "Topic 1", 
      "post_count": 3, 
      "pinned": false, 
      "metapost_count": 3, 
      "last_username": "admin", 
      "user": 1, 
      "hidden": false, 
      "started_at": "2011-02-10 10:30:49", 
      "last_user_id": 1
    }
  }, 
  {
    "pk": 21, 
    "model": "forum.topic", 
    "fields": {
      "last_post_at": "2011-02-10 10:30:49", 
      "locked": false, 
      "description": "", 
      "forum": 7, 
      "title": "Topic 3", 
      "post_count": 3, 
      "pinned": false, 
      "metapost_count": 3, 
      "last_username": "user", 
      "user": 3, 
      "hidden": false, 
      "started_at": "2011-02-10 10:30:49", 
      "last_user_id": 3
    }
  }, 
  {
    "pk": 20, 
    "model": "forum.topic", 
    "fields": {
      "last_post_at": "2011-02-10 10:30:49", 
      "locked": false, 
      "description": "", 
      "forum": 7, 
      "title": "Topic 2", 
      "post_count": 3, 
      "pinned": false, 
      "metapost_count": 3, 
      "last_username": "moderator", 
      "user": 2, 
      "hidden": false, 
      "started_at": "2011-02-10 10:30:49", 
      "last_user_id": 2
    }
  }, 
  {
    "pk": 19, 
    "model": "forum.topic", 
    "fields": {
      "last_post_at": "2011-02-10 10:30:49", 
      "locked": false, 
      "description": "", 
      "forum": 7, 
      "title": "Topic 1", 
      "post_count": 3, 
      "pinned": false, 
      "metapost_count": 3, 
      "last_username": "admin", 
      "user": 1, 
      "hidden": false, 
      "started_at": "2011-02-10 10:30:49", 
      "last_user_id": 1
    }
  }, 
  {
    "pk": 18, 
    "model": "forum.topic", 
    "fields": {
      "last_post_at": "2011-02-10 10:30:49", 
      "locked": false, 
      "description": "", 
      "forum": 6, 
      "title": "Topic 3", 
      "post_count": 3, 
      "pinned": false, 
      "metapost_count": 3, 
      "last_username": "user", 
      "user": 3, 
      "hidden": false, 
      "started_at": "2011-02-10 10:30:49", 
      "last_user_id": 3
    }
  }, 
  {
    "pk": 17, 
    "model": "forum.topic", 
    "fields": {
      "last_post_at": "2011-02-10 10:30:49", 
      "locked": false, 
      "description": "", 
      "forum": 6, 
      "title": "Topic 2", 
      "post_count": 3, 
      "pinned": false, 
      "metapost_count": 3, 
      "last_username": "moderator", 
      "user": 2, 
      "hidden": false, 
      "started_at": "2011-02-10 10:30:49", 
      "last_user_id": 2
    }
  }, 
  {
    "pk": 16, 
    "model": "forum.topic", 
    "fields": {
      "last_post_at": "2011-02-10 10:30:49", 
      "locked": false, 
      "description": "", 
      "forum": 6, 
      "title": "Topic 1", 
      "post_count": 3, 
      "pinned": false, 
      "metapost_count": 3, 
      "last_username": "admin", 
      "user": 1, 
      "hidden": false, 
      "started_at": "2011-02-10 10:30:49", 
      "last_user_id": 1
    }
  }, 
  {
    "pk": 15, 
    "model": "forum.topic", 
    "fields": {
      "last_post_at": "2011-02-10 10:30:49", 
      "locked": false, 
      "description": "", 
      "forum": 5, 
      "title": "Topic 3", 
      "post_count": 3, 
      "pinned": false, 
      "metapost_count": 3, 
      "last_username": "user", 
      "user": 3, 
      "hidden": false, 
      "started_at": "2011-02-10 10:30:49", 
      "last_user_id": 3
    }
  }, 
  {
    "pk": 14, 
    "model": "forum.topic", 
    "fields": {
      "last_post_at": "2011-02-10 10:30:49", 
      "locked": false, 
      "description": "", 
      "forum": 5, 
      "title": "Topic 2", 
      "post_count": 3, 
      "pinned": false, 
      "metapost_count": 3, 
      "last_username": "moderator", 
      "user": 2, 
      "hidden": false, 
      "started_at": "2011-02-10 10:30:49", 
      "last_user_id": 2
    }
  }, 
  {
    "pk": 13, 
    "model": "forum.topic", 
    "fields": {
      "last_post_at": "2011-02-10 10:30:49", 
      "locked": false, 
      "description": "", 
      "forum": 5, 
      "title": "Topic 1", 
      "post_count": 3, 
      "pinned": false, 
      "metapost_count": 3, 
      "last_username": "admin", 
      "user": 1, 
      "hidden": false, 
      "started_at": "2011-02-10 10:30:49", 
      "last_user_id": 1
    }
  }, 
  {
    "pk": 12, 
    "model": "forum.topic", 
    "fields": {
      "last_post_at": "2011-02-10 10:30:49", 
      "locked": false, 
      "description": "", 
      "forum": 4, 
      "title": "Topic 3", 
      "post_count": 3, 
      "pinned": false, 
      "metapost_count": 3, 
      "last_username": "user", 
      "user": 3, 
      "hidden": false, 
      "started_at": "2011-02-10 10:30:49", 
      "last_user_id": 3
    }
  }, 
  {
    "pk": 11, 
    "model": "forum.topic", 
    "fields": {
      "last_post_at": "2011-02-10 10:30:49", 
      "locked": false, 
      "description": "", 
      "forum": 4, 
      "title": "Topic 2", 
      "post_count": 3, 
      "pinned": false, 
      "metapost_count": 3, 
      "last_username": "moderator", 
      "user": 2, 
      "hidden": false, 
      "started_at": "2011-02-10 10:30:49", 
      "last_user_id": 2
    }
  }, 
  {
    "pk": 10, 
    "model": "forum.topic", 
    "fields": {
      "last_post_at": "2011-02-10 10:30:49", 
      "locked": false, 
      "description": "", 
      "forum": 4, 
      "title": "Topic 1", 
      "post_count": 3, 
      "pinned": false, 
      "metapost_count": 3, 
      "last_username": "admin", 
      "user": 1, 
      "hidden": false, 
      "started_at": "2011-02-10 10:30:49", 
      "last_user_id": 1
    }
  }, 
  {
    "pk": 9, 
    "model": "forum.topic", 
    "fields": {
      "last_post_at": "2011-02-10 10:30:49", 
      "locked": false, 
      "description": "", 
      "forum": 3, 
      "title": "Topic 3", 
      "post_count": 3, 
      "pinned": false, 
      "metapost_count": 3, 
      "last_username": "user", 
      "user": 3, 
      "hidden": false, 
      "started_at": "2011-02-10 10:30:49", 
      "last_user_id": 3
    }
  }, 
  {
    "pk": 8, 
    "model": "forum.topic", 
    "fields": {
      "last_post_at": "2011-02-10 10:30:49", 
      "locked": false, 
      "description": "", 
      "forum": 3, 
      "title": "Topic 2", 
      "post_count": 3, 
      "pinned": false, 
      "metapost_count": 3, 
      "last_username": "moderator", 
      "user": 2, 
      "hidden": false, 
      "started_at": "2011-02-10 10:30:49", 
      "last_user_id": 2
    }
  }, 
  {
    "pk": 7, 
    "model": "forum.topic", 
    "fields": {
      "last_post_at": "2011-02-10 10:30:49", 
      "locked": false, 
      "description": "", 
      "forum": 3, 
      "title": "Topic 1", 
      "post_count": 3, 
      "pinned": false, 
      "metapost_count": 3, 
      "last_username": "admin", 
      "user": 1, 
      "hidden": false, 
      "started_at": "2011-02-10 10:30:49", 
      "last_user_id": 1
    }
  }, 
  {
    "pk": 6, 
    "model": "forum.topic", 
    "fields": {
      "last_post_at": "2011-02-10 10:30:49", 
      "locked": false, 
      "description": "", 
      "forum": 2, 
      "title": "Topic 3", 
      "post_count": 3, 
      "pinned": false, 
      "metapost_count": 3, 
      "last_username": "user", 
      "user": 3, 
      "hidden": false, 
      "started_at": "2011-02-10 10:30:49", 
      "last_user_id": 3
    }
  }, 
  {
    "pk": 5, 
    "model": "forum.topic", 
    "fields": {
      "last_post_at": "2011-02-10 10:30:49", 
      "locked": false, 
      "description": "", 
      "forum": 2, 
      "title": "Topic 2", 
      "post_count": 3, 
      "pinned": false, 
      "metapost_count": 3, 
      "last_username": "moderator", 
      "user": 2, 
      "hidden": false, 
      "started_at": "2011-02-10 10:30:49", 
      "last_user_id": 2
    }
  }, 
  {
    "pk": 4, 
    "model": "forum.topic", 
    "fields": {
      "last_post_at": "2011-02-10 10:30:49", 
      "locked": false, 
      "description": "", 
      "forum": 2, 
      "title": "Topic 1", 
      "post_count": 3, 
      "pinned": false, 
      "metapost_count": 3, 
      "last_username": "admin", 
      "user": 1, 
      "hidden": false, 
      "started_at": "2011-02-10 10:30:49", 
      "last_user_id": 1
    }
  }, 
  {
    "pk": 3, 
    "model": "forum.topic", 
    "fields": {
      "last_post_at": "2011-02-10 10:30:49", 
      "locked": false, 
      "description": "", 
      "forum": 1, 
      "title": "Topic 3", 
      "post_count": 3, 
      "pinned": false, 
      "metapost_count": 3, 
      "last_username": "user", 
      "user": 3, 
      "hidden": false, 
      "started_at": "2011-02-10 10:30:49", 
      "last_user_id": 3
    }
  }, 
  {
    "pk": 2, 
    "model": "forum.topic", 
    "fields": {
      "last_post_at": "2011-02-10 10:30:49", 
      "locked": false, 
      "description": "", 
      "forum": 1, 
      "title": "Topic 2", 
      "post_count": 3, 
      "pinned": false, 
      "metapost_count": 3, 
      "last_username": "moderator", 
      "user": 2, 
      "hidden": false, 
      "started_at": "2011-02-10 10:30:49", 
      "last_user_id": 2
    }
  }, 
  {
    "pk": 1, 
    "model": "forum.topic", 
    "fields": {
      "last_post_at": "2011-02-10 10:30:49", 
      "locked": false, 
      "description": "", 
      "forum": 1, 
      "title": "Topic 1", 
      "post_count": 3, 
      "pinned": false, 
      "metapost_count": 3, 
      "last_username": "admin", 
      "user": 1, 
      "hidden": false, 
      "started_at": "2011-02-10 10:30:49", 
      "last_user_id": 1
    }
  }, 
  {
    "pk": 162, 
    "model": "forum.post", 
    "fields": {
      "body": "Metapost 3", 
      "edited_at": null, 
      "emoticons": true, 
      "posted_at": "2011-02-10 10:30:49", 
      "body_html": "<p>Metapost 3</p>", 
      "user_ip": null, 
      "topic": 27, 
      "meta": true, 
      "user": 3, 
      "num_in_topic": 3
    }
  }, 
  {
    "pk": 161, 
    "model": "forum.post", 
    "fields": {
      "body": "Metapost 2", 
      "edited_at": null, 
      "emoticons": true, 
      "posted_at": "2011-02-10 10:30:49", 
      "body_html": "<p>Metapost 2</p>", 
      "user_ip": null, 
      "topic": 27, 
      "meta": true, 
      "user": 3, 
      "num_in_topic": 2
    }
  }, 
  {
    "pk": 160, 
    "model": "forum.post", 
    "fields": {
      "body": "Metapost 1", 
      "edited_at": null, 
      "emoticons": true, 
      "posted_at": "2011-02-10 10:30:49", 
      "body_html": "<p>Metapost 1</p>", 
      "user_ip": null, 
      "topic": 27, 
      "meta": true, 
      "user": 3, 
      "num_in_topic": 1
    }
  }, 
  {
    "pk": 159, 
    "model": "forum.post", 
    "fields": {
      "body": "Metapost 3", 
      "edited_at": null, 
      "emoticons": true, 
      "posted_at": "2011-02-10 10:30:49", 
      "body_html": "<p>Metapost 3</p>", 
      "user_ip": null, 
      "topic": 26, 
      "meta": true, 
      "user": 2, 
      "num_in_topic": 3
    }
  }, 
  {
    "pk": 158, 
    "model": "forum.post", 
    "fields": {
      "body": "Metapost 2", 
      "edited_at": null, 
      "emoticons": true, 
      "posted_at": "2011-02-10 10:30:49", 
      "body_html": "<p>Metapost 2</p>", 
      "user_ip": null, 
      "topic": 26, 
      "meta": true, 
      "user": 2, 
      "num_in_topic": 2
    }
  }, 
  {
    "pk": 157, 
    "model": "forum.post", 
    "fields": {
      "body": "Metapost 1", 
      "edited_at": null, 
      "emoticons": true, 
      "posted_at": "2011-02-10 10:30:49", 
      "body_html": "<p>Metapost 1</p>", 
      "user_ip": null, 
      "topic": 26, 
      "meta": true, 
      "user": 2, 
      "num_in_topic": 1
    }
  }, 
  {
    "pk": 156, 
    "model": "forum.post", 
    "fields": {
      "body": "Metapost 3", 
      "edited_at": null, 
      "emoticons": true, 
      "posted_at": "2011-02-10 10:30:49", 
      "body_html": "<p>Metapost 3</p>", 
      "user_ip": null, 
      "topic": 25, 
      "meta": true, 
      "user": 1, 
      "num_in_topic": 3
    }
  }, 
  {
    "pk": 155, 
    "model": "forum.post", 
    "fields": {
      "body": "Metapost 2", 
      "edited_at": null, 
      "emoticons": true, 
      "posted_at": "2011-02-10 10:30:49", 
      "body_html": "<p>Metapost 2</p>", 
      "user_ip": null, 
      "topic": 25, 
      "meta": true, 
      "user": 1, 
      "num_in_topic": 2
    }
  }, 
  {
    "pk": 154, 
    "model": "forum.post", 
    "fields": {
      "body": "Metapost 1", 
      "edited_at": null, 
      "emoticons": true, 
      "posted_at": "2011-02-10 10:30:49", 
      "body_html": "<p>Metapost 1</p>", 
      "user_ip": null, 
      "topic": 25, 
      "meta": true, 
      "user": 1, 
      "num_in_topic": 1
    }
  }, 
  {
    "pk": 153, 
    "model": "forum.post", 
    "fields": {
      "body": "Metapost 3", 
      "edited_at": null, 
      "emoticons": true, 
      "posted_at": "2011-02-10 10:30:49", 
      "body_html": "<p>Metapost 3</p>", 
      "user_ip": null, 
      "topic": 24, 
      "meta": true, 
      "user": 3, 
      "num_in_topic": 3
    }
  }, 
  {
    "pk": 152, 
    "model": "forum.post", 
    "fields": {
      "body": "Metapost 2", 
      "edited_at": null, 
      "emoticons": true, 
      "posted_at": "2011-02-10 10:30:49", 
      "body_html": "<p>Metapost 2</p>", 
      "user_ip": null, 
      "topic": 24, 
      "meta": true, 
      "user": 3, 
      "num_in_topic": 2
    }
  }, 
  {
    "pk": 151, 
    "model": "forum.post", 
    "fields": {
      "body": "Metapost 1", 
      "edited_at": null, 
      "emoticons": true, 
      "posted_at": "2011-02-10 10:30:49", 
      "body_html": "<p>Metapost 1</p>", 
      "user_ip": null, 
      "topic": 24, 
      "meta": true, 
      "user": 3, 
      "num_in_topic": 1
    }
  }, 
  {
    "pk": 150, 
    "model": "forum.post", 
    "fields": {
      "body": "Metapost 3", 
      "edited_at": null, 
      "emoticons": true, 
      "posted_at": "2011-02-10 10:30:49", 
      "body_html": "<p>Metapost 3</p>", 
      "user_ip": null, 
      "topic": 23, 
      "meta": true, 
      "user": 2, 
      "num_in_topic": 3
    }
  }, 
  {
    "pk": 149, 
    "model": "forum.post", 
    "fields": {
      "body": "Metapost 2", 
      "edited_at": null, 
      "emoticons": true, 
      "posted_at": "2011-02-10 10:30:49", 
      "body_html": "<p>Metapost 2</p>", 
      "user_ip": null, 
      "topic": 23, 
      "meta": true, 
      "user": 2, 
      "num_in_topic": 2
    }
  }, 
  {
    "pk": 148, 
    "model": "forum.post", 
    "fields": {
      "body": "Metapost 1", 
      "edited_at": null, 
      "emoticons": true, 
      "posted_at": "2011-02-10 10:30:49", 
      "body_html": "<p>Metapost 1</p>", 
      "user_ip": null, 
      "topic": 23, 
      "meta": true, 
      "user": 2, 
      "num_in_topic": 1
    }
  }, 
  {
    "pk": 147, 
    "model": "forum.post", 
    "fields": {
      "body": "Metapost 3", 
      "edited_at": null, 
      "emoticons": true, 
      "posted_at": "2011-02-10 10:30:49", 
      "body_html": "<p>Metapost 3</p>", 
      "user_ip": null, 
      "topic": 22, 
      "meta": true, 
      "user": 1, 
      "num_in_topic": 3
    }
  }, 
  {
    "pk": 146, 
    "model": "forum.post", 
    "fields": {
      "body": "Metapost 2", 
      "edited_at": null, 
      "emoticons": true, 
      "posted_at": "2011-02-10 10:30:49", 
      "body_html": "<p>Metapost 2</p>", 
      "user_ip": null, 
      "topic": 22, 
      "meta": true, 
      "user": 1, 
      "num_in_topic": 2
    }
  }, 
  {
    "pk": 145, 
    "model": "forum.post", 
    "fields": {
      "body": "Metapost 1", 
      "edited_at": null, 
      "emoticons": true, 
      "posted_at": "2011-02-10 10:30:49", 
      "body_html": "<p>Metapost 1</p>", 
      "user_ip": null, 
      "topic": 22, 
      "meta": true, 
      "user": 1, 
      "num_in_topic": 1
    }
  }, 
  {
    "pk": 144, 
    "model": "forum.post", 
    "fields": {
      "body": "Metapost 3", 
      "edited_at": null, 
      "emoticons": true, 
      "posted_at": "2011-02-10 10:30:49", 
      "body_html": "<p>Metapost 3</p>", 
      "user_ip": null, 
      "topic": 21, 
      "meta": true, 
      "user": 3, 
      "num_in_topic": 3
    }
  }, 
  {
    "pk": 143, 
    "model": "forum.post", 
    "fields": {
      "body": "Metapost 2", 
      "edited_at": null, 
      "emoticons": true, 
      "posted_at": "2011-02-10 10:30:49", 
      "body_html": "<p>Metapost 2</p>", 
      "user_ip": null, 
      "topic": 21, 
      "meta": true, 
      "user": 3, 
      "num_in_topic": 2
    }
  }, 
  {
    "pk": 142, 
    "model": "forum.post", 
    "fields": {
      "body": "Metapost 1", 
      "edited_at": null, 
      "emoticons": true, 
      "posted_at": "2011-02-10 10:30:49", 
      "body_html": "<p>Metapost 1</p>", 
      "user_ip": null, 
      "topic": 21, 
      "meta": true, 
      "user": 3, 
      "num_in_topic": 1
    }
  }, 
  {
    "pk": 141, 
    "model": "forum.post", 
    "fields": {
      "body": "Metapost 3", 
      "edited_at": null, 
      "emoticons": true, 
      "posted_at": "2011-02-10 10:30:49", 
      "body_html": "<p>Metapost 3</p>", 
      "user_ip": null, 
      "topic": 20, 
      "meta": true, 
      "user": 2, 
      "num_in_topic": 3
    }
  }, 
  {
    "pk": 140, 
    "model": "forum.post", 
    "fields": {
      "body": "Metapost 2", 
      "edited_at": null, 
      "emoticons": true, 
      "posted_at": "2011-02-10 10:30:49", 
      "body_html": "<p>Metapost 2</p>", 
      "user_ip": null, 
      "topic": 20, 
      "meta": true, 
      "user": 2, 
      "num_in_topic": 2
    }
  }, 
  {
    "pk": 139, 
    "model": "forum.post", 
    "fields": {
      "body": "Metapost 1", 
      "edited_at": null, 
      "emoticons": true, 
      "posted_at": "2011-02-10 10:30:49", 
      "body_html": "<p>Metapost 1</p>", 
      "user_ip": null, 
      "topic": 20, 
      "meta": true, 
      "user": 2, 
      "num_in_topic": 1
    }
  }, 
  {
    "pk": 138, 
    "model": "forum.post", 
    "fields": {
      "body": "Metapost 3", 
      "edited_at": null, 
      "emoticons": true, 
      "posted_at": "2011-02-10 10:30:49", 
      "body_html": "<p>Metapost 3</p>", 
      "user_ip": null, 
      "topic": 19, 
      "meta": true, 
      "user": 1, 
      "num_in_topic": 3
    }
  }, 
  {
    "pk": 137, 
    "model": "forum.post", 
    "fields": {
      "body": "Metapost 2", 
      "edited_at": null, 
      "emoticons": true, 
      "posted_at": "2011-02-10 10:30:49", 
      "body_html": "<p>Metapost 2</p>", 
      "user_ip": null, 
      "topic": 19, 
      "meta": true, 
      "user": 1, 
      "num_in_topic": 2
    }
  }, 
  {
    "pk": 136, 
    "model": "forum.post", 
    "fields": {
      "body": "Metapost 1", 
      "edited_at": null, 
      "emoticons": true, 
      "posted_at": "2011-02-10 10:30:49", 
      "body_html": "<p>Metapost 1</p>", 
      "user_ip": null, 
      "topic": 19, 
      "meta": true, 
      "user": 1, 
      "num_in_topic": 1
    }
  }, 
  {
    "pk": 135, 
    "model": "forum.post", 
    "fields": {
      "body": "Metapost 3", 
      "edited_at": null, 
      "emoticons": true, 
      "posted_at": "2011-02-10 10:30:49", 
      "body_html": "<p>Metapost 3</p>", 
      "user_ip": null, 
      "topic": 18, 
      "meta": true, 
      "user": 3, 
      "num_in_topic": 3
    }
  }, 
  {
    "pk": 134, 
    "model": "forum.post", 
    "fields": {
      "body": "Metapost 2", 
      "edited_at": null, 
      "emoticons": true, 
      "posted_at": "2011-02-10 10:30:49", 
      "body_html": "<p>Metapost 2</p>", 
      "user_ip": null, 
      "topic": 18, 
      "meta": true, 
      "user": 3, 
      "num_in_topic": 2
    }
  }, 
  {
    "pk": 133, 
    "model": "forum.post", 
    "fields": {
      "body": "Metapost 1", 
      "edited_at": null, 
      "emoticons": true, 
      "posted_at": "2011-02-10 10:30:49", 
      "body_html": "<p>Metapost 1</p>", 
      "user_ip": null, 
      "topic": 18, 
      "meta": true, 
      "user": 3, 
      "num_in_topic": 1
    }
  }, 
  {
    "pk": 132, 
    "model": "forum.post", 
    "fields": {
      "body": "Metapost 3", 
      "edited_at": null, 
      "emoticons": true, 
      "posted_at": "2011-02-10 10:30:49", 
      "body_html": "<p>Metapost 3</p>", 
      "user_ip": null, 
      "topic": 17, 
      "meta": true, 
      "user": 2, 
      "num_in_topic": 3
    }
  }, 
  {
    "pk": 131, 
    "model": "forum.post", 
    "fields": {
      "body": "Metapost 2", 
      "edited_at": null, 
      "emoticons": true, 
      "posted_at": "2011-02-10 10:30:49", 
      "body_html": "<p>Metapost 2</p>", 
      "user_ip": null, 
      "topic": 17, 
      "meta": true, 
      "user": 2, 
      "num_in_topic": 2
    }
  }, 
  {
    "pk": 130, 
    "model": "forum.post", 
    "fields": {
      "body": "Metapost 1", 
      "edited_at": null, 
      "emoticons": true, 
      "posted_at": "2011-02-10 10:30:49", 
      "body_html": "<p>Metapost 1</p>", 
      "user_ip": null, 
      "topic": 17, 
      "meta": true, 
      "user": 2, 
      "num_in_topic": 1
    }
  }, 
  {
    "pk": 129, 
    "model": "forum.post", 
    "fields": {
      "body": "Metapost 3", 
      "edited_at": null, 
      "emoticons": true, 
      "posted_at": "2011-02-10 10:30:49", 
      "body_html": "<p>Metapost 3</p>", 
      "user_ip": null, 
      "topic": 16, 
      "meta": true, 
      "user": 1, 
      "num_in_topic": 3
    }
  }, 
  {
    "pk": 128, 
    "model": "forum.post", 
    "fields": {
      "body": "Metapost 2", 
      "edited_at": null, 
      "emoticons": true, 
      "posted_at": "2011-02-10 10:30:49", 
      "body_html": "<p>Metapost 2</p>", 
      "user_ip": null, 
      "topic": 16, 
      "meta": true, 
      "user": 1, 
      "num_in_topic": 2
    }
  }, 
  {
    "pk": 127, 
    "model": "forum.post", 
    "fields": {
      "body": "Metapost 1", 
      "edited_at": null, 
      "emoticons": true, 
      "posted_at": "2011-02-10 10:30:49", 
      "body_html": "<p>Metapost 1</p>", 
      "user_ip": null, 
      "topic": 16, 
      "meta": true, 
      "user": 1, 
      "num_in_topic": 1
    }
  }, 
  {
    "pk": 126, 
    "model": "forum.post", 
    "fields": {
      "body": "Metapost 3", 
      "edited_at": null, 
      "emoticons": true, 
      "posted_at": "2011-02-10 10:30:49", 
      "body_html": "<p>Metapost 3</p>", 
      "user_ip": null, 
      "topic": 15, 
      "meta": true, 
      "user": 3, 
      "num_in_topic": 3
    }
  }, 
  {
    "pk": 125, 
    "model": "forum.post", 
    "fields": {
      "body": "Metapost 2", 
      "edited_at": null, 
      "emoticons": true, 
      "posted_at": "2011-02-10 10:30:49", 
      "body_html": "<p>Metapost 2</p>", 
      "user_ip": null, 
      "topic": 15, 
      "meta": true, 
      "user": 3, 
      "num_in_topic": 2
    }
  }, 
  {
    "pk": 124, 
    "model": "forum.post", 
    "fields": {
      "body": "Metapost 1", 
      "edited_at": null, 
      "emoticons": true, 
      "posted_at": "2011-02-10 10:30:49", 
      "body_html": "<p>Metapost 1</p>", 
      "user_ip": null, 
      "topic": 15, 
      "meta": true, 
      "user": 3, 
      "num_in_topic": 1
    }
  }, 
  {
    "pk": 123, 
    "model": "forum.post", 
    "fields": {
      "body": "Metapost 3", 
      "edited_at": null, 
      "emoticons": true, 
      "posted_at": "2011-02-10 10:30:49", 
      "body_html": "<p>Metapost 3</p>", 
      "user_ip": null, 
      "topic": 14, 
      "meta": true, 
      "user": 2, 
      "num_in_topic": 3
    }
  }, 
  {
    "pk": 122, 
    "model": "forum.post", 
    "fields": {
      "body": "Metapost 2", 
      "edited_at": null, 
      "emoticons": true, 
      "posted_at": "2011-02-10 10:30:49", 
      "body_html": "<p>Metapost 2</p>", 
      "user_ip": null, 
      "topic": 14, 
      "meta": true, 
      "user": 2, 
      "num_in_topic": 2
    }
  }, 
  {
    "pk": 121, 
    "model": "forum.post", 
    "fields": {
      "body": "Metapost 1", 
      "edited_at": null, 
      "emoticons": true, 
      "posted_at": "2011-02-10 10:30:49", 
      "body_html": "<p>Metapost 1</p>", 
      "user_ip": null, 
      "topic": 14, 
      "meta": true, 
      "user": 2, 
      "num_in_topic": 1
    }
  }, 
  {
    "pk": 120, 
    "model": "forum.post", 
    "fields": {
      "body": "Metapost 3", 
      "edited_at": null, 
      "emoticons": true, 
      "posted_at": "2011-02-10 10:30:49", 
      "body_html": "<p>Metapost 3</p>", 
      "user_ip": null, 
      "topic": 13, 
      "meta": true, 
      "user": 1, 
      "num_in_topic": 3
    }
  }, 
  {
    "pk": 119, 
    "model": "forum.post", 
    "fields": {
      "body": "Metapost 2", 
      "edited_at": null, 
      "emoticons": true, 
      "posted_at": "2011-02-10 10:30:49", 
      "body_html": "<p>Metapost 2</p>", 
      "user_ip": null, 
      "topic": 13, 
      "meta": true, 
      "user": 1, 
      "num_in_topic": 2
    }
  }, 
  {
    "pk": 118, 
    "model": "forum.post", 
    "fields": {
      "body": "Metapost 1", 
      "edited_at": null, 
      "emoticons": true, 
      "posted_at": "2011-02-10 10:30:49", 
      "body_html": "<p>Metapost 1</p>", 
      "user_ip": null, 
      "topic": 13, 
      "meta": true, 
      "user": 1, 
      "num_in_topic": 1
    }
  }, 
  {
    "pk": 117, 
    "model": "forum.post", 
    "fields": {
      "body": "Metapost 3", 
      "edited_at": null, 
      "emoticons": true, 
      "posted_at": "2011-02-10 10:30:49", 
      "body_html": "<p>Metapost 3</p>", 
      "user_ip": null, 
      "topic": 12, 
      "meta": true, 
      "user": 3, 
      "num_in_topic": 3
    }
  }, 
  {
    "pk": 116, 
    "model": "forum.post", 
    "fields": {
      "body": "Metapost 2", 
      "edited_at": null, 
      "emoticons": true, 
      "posted_at": "2011-02-10 10:30:49", 
      "body_html": "<p>Metapost 2</p>", 
      "user_ip": null, 
      "topic": 12, 
      "meta": true, 
      "user": 3, 
      "num_in_topic": 2
    }
  }, 
  {
    "pk": 115, 
    "model": "forum.post", 
    "fields": {
      "body": "Metapost 1", 
      "edited_at": null, 
      "emoticons": true, 
      "posted_at": "2011-02-10 10:30:49", 
      "body_html": "<p>Metapost 1</p>", 
      "user_ip": null, 
      "topic": 12, 
      "meta": true, 
      "user": 3, 
      "num_in_topic": 1
    }
  }, 
  {
    "pk": 114, 
    "model": "forum.post", 
    "fields": {
      "body": "Metapost 3", 
      "edited_at": null, 
      "emoticons": true, 
      "posted_at": "2011-02-10 10:30:49", 
      "body_html": "<p>Metapost 3</p>", 
      "user_ip": null, 
      "topic": 11, 
      "meta": true, 
      "user": 2, 
      "num_in_topic": 3
    }
  }, 
  {
    "pk": 113, 
    "model": "forum.post", 
    "fields": {
      "body": "Metapost 2", 
      "edited_at": null, 
      "emoticons": true, 
      "posted_at": "2011-02-10 10:30:49", 
      "body_html": "<p>Metapost 2</p>", 
      "user_ip": null, 
      "topic": 11, 
      "meta": true, 
      "user": 2, 
      "num_in_topic": 2
    }
  }, 
  {
    "pk": 112, 
    "model": "forum.post", 
    "fields": {
      "body": "Metapost 1", 
      "edited_at": null, 
      "emoticons": true, 
      "posted_at": "2011-02-10 10:30:49", 
      "body_html": "<p>Metapost 1</p>", 
      "user_ip": null, 
      "topic": 11, 
      "meta": true, 
      "user": 2, 
      "num_in_topic": 1
    }
  }, 
  {
    "pk": 111, 
    "model": "forum.post", 
    "fields": {
      "body": "Metapost 3", 
      "edited_at": null, 
      "emoticons": true, 
      "posted_at": "2011-02-10 10:30:49", 
      "body_html": "<p>Metapost 3</p>", 
      "user_ip": null, 
      "topic": 10, 
      "meta": true, 
      "user": 1, 
      "num_in_topic": 3
    }
  }, 
  {
    "pk": 110, 
    "model": "forum.post", 
    "fields": {
      "body": "Metapost 2", 
      "edited_at": null, 
      "emoticons": true, 
      "posted_at": "2011-02-10 10:30:49", 
      "body_html": "<p>Metapost 2</p>", 
      "user_ip": null, 
      "topic": 10, 
      "meta": true, 
      "user": 1, 
      "num_in_topic": 2
    }
  }, 
  {
    "pk": 109, 
    "model": "forum.post", 
    "fields": {
      "body": "Metapost 1", 
      "edited_at": null, 
      "emoticons": true, 
      "posted_at": "2011-02-10 10:30:49", 
      "body_html": "<p>Metapost 1</p>", 
      "user_ip": null, 
      "topic": 10, 
      "meta": true, 
      "user": 1, 
      "num_in_topic": 1
    }
  }, 
  {
    "pk": 108, 
    "model": "forum.post", 
    "fields": {
      "body": "Metapost 3", 
      "edited_at": null, 
      "emoticons": true, 
      "posted_at": "2011-02-10 10:30:49", 
      "body_html": "<p>Metapost 3</p>", 
      "user_ip": null, 
      "topic": 9, 
      "meta": true, 
      "user": 3, 
      "num_in_topic": 3
    }
  }, 
  {
    "pk": 107, 
    "model": "forum.post", 
    "fields": {
      "body": "Metapost 2", 
      "edited_at": null, 
      "emoticons": true, 
      "posted_at": "2011-02-10 10:30:49", 
      "body_html": "<p>Metapost 2</p>", 
      "user_ip": null, 
      "topic": 9, 
      "meta": true, 
      "user": 3, 
      "num_in_topic": 2
    }
  }, 
  {
    "pk": 106, 
    "model": "forum.post", 
    "fields": {
      "body": "Metapost 1", 
      "edited_at": null, 
      "emoticons": true, 
      "posted_at": "2011-02-10 10:30:49", 
      "body_html": "<p>Metapost 1</p>", 
      "user_ip": null, 
      "topic": 9, 
      "meta": true, 
      "user": 3, 
      "num_in_topic": 1
    }
  }, 
  {
    "pk": 105, 
    "model": "forum.post", 
    "fields": {
      "body": "Metapost 3", 
      "edited_at": null, 
      "emoticons": true, 
      "posted_at": "2011-02-10 10:30:49", 
      "body_html": "<p>Metapost 3</p>", 
      "user_ip": null, 
      "topic": 8, 
      "meta": true, 
      "user": 2, 
      "num_in_topic": 3
    }
  }, 
  {
    "pk": 104, 
    "model": "forum.post", 
    "fields": {
      "body": "Metapost 2", 
      "edited_at": null, 
      "emoticons": true, 
      "posted_at": "2011-02-10 10:30:49", 
      "body_html": "<p>Metapost 2</p>", 
      "user_ip": null, 
      "topic": 8, 
      "meta": true, 
      "user": 2, 
      "num_in_topic": 2
    }
  }, 
  {
    "pk": 103, 
    "model": "forum.post", 
    "fields": {
      "body": "Metapost 1", 
      "edited_at": null, 
      "emoticons": true, 
      "posted_at": "2011-02-10 10:30:49", 
      "body_html": "<p>Metapost 1</p>", 
      "user_ip": null, 
      "topic": 8, 
      "meta": true, 
      "user": 2, 
      "num_in_topic": 1
    }
  }, 
  {
    "pk": 102, 
    "model": "forum.post", 
    "fields": {
      "body": "Metapost 3", 
      "edited_at": null, 
      "emoticons": true, 
      "posted_at": "2011-02-10 10:30:49", 
      "body_html": "<p>Metapost 3</p>", 
      "user_ip": null, 
      "topic": 7, 
      "meta": true, 
      "user": 1, 
      "num_in_topic": 3
    }
  }, 
  {
    "pk": 101, 
    "model": "forum.post", 
    "fields": {
      "body": "Metapost 2", 
      "edited_at": null, 
      "emoticons": true, 
      "posted_at": "2011-02-10 10:30:49", 
      "body_html": "<p>Metapost 2</p>", 
      "user_ip": null, 
      "topic": 7, 
      "meta": true, 
      "user": 1, 
      "num_in_topic": 2
    }
  }, 
  {
    "pk": 100, 
    "model": "forum.post", 
    "fields": {
      "body": "Metapost 1", 
      "edited_at": null, 
      "emoticons": true, 
      "posted_at": "2011-02-10 10:30:49", 
      "body_html": "<p>Metapost 1</p>", 
      "user_ip": null, 
      "topic": 7, 
      "meta": true, 
      "user": 1, 
      "num_in_topic": 1
    }
  }, 
  {
    "pk": 99, 
    "model": "forum.post", 
    "fields": {
      "body": "Metapost 3", 
      "edited_at": null, 
      "emoticons": true, 
      "posted_at": "2011-02-10 10:30:49", 
      "body_html": "<p>Metapost 3</p>", 
      "user_ip": null, 
      "topic": 6, 
      "meta": true, 
      "user": 3, 
      "num_in_topic": 3
    }
  }, 
  {
    "pk": 98, 
    "model": "forum.post", 
    "fields": {
      "body": "Metapost 2", 
      "edited_at": null, 
      "emoticons": true, 
      "posted_at": "2011-02-10 10:30:49", 
      "body_html": "<p>Metapost 2</p>", 
      "user_ip": null, 
      "topic": 6, 
      "meta": true, 
      "user": 3, 
      "num_in_topic": 2
    }
  }, 
  {
    "pk": 97, 
    "model": "forum.post", 
    "fields": {
      "body": "Metapost 1", 
      "edited_at": null, 
      "emoticons": true, 
      "posted_at": "2011-02-10 10:30:49", 
      "body_html": "<p>Metapost 1</p>", 
      "user_ip": null, 
      "topic": 6, 
      "meta": true, 
      "user": 3, 
      "num_in_topic": 1
    }
  }, 
  {
    "pk": 96, 
    "model": "forum.post", 
    "fields": {
      "body": "Metapost 3", 
      "edited_at": null, 
      "emoticons": true, 
      "posted_at": "2011-02-10 10:30:49", 
      "body_html": "<p>Metapost 3</p>", 
      "user_ip": null, 
      "topic": 5, 
      "meta": true, 
      "user": 2, 
      "num_in_topic": 3
    }
  }, 
  {
    "pk": 95, 
    "model": "forum.post", 
    "fields": {
      "body": "Metapost 2", 
      "edited_at": null, 
      "emoticons": true, 
      "posted_at": "2011-02-10 10:30:49", 
      "body_html": "<p>Metapost 2</p>", 
      "user_ip": null, 
      "topic": 5, 
      "meta": true, 
      "user": 2, 
      "num_in_topic": 2
    }
  }, 
  {
    "pk": 94, 
    "model": "forum.post", 
    "fields": {
      "body": "Metapost 1", 
      "edited_at": null, 
      "emoticons": true, 
      "posted_at": "2011-02-10 10:30:49", 
      "body_html": "<p>Metapost 1</p>", 
      "user_ip": null, 
      "topic": 5, 
      "meta": true, 
      "user": 2, 
      "num_in_topic": 1
    }
  }, 
  {
    "pk": 93, 
    "model": "forum.post", 
    "fields": {
      "body": "Metapost 3", 
      "edited_at": null, 
      "emoticons": true, 
      "posted_at": "2011-02-10 10:30:49", 
      "body_html": "<p>Metapost 3</p>", 
      "user_ip": null, 
      "topic": 4, 
      "meta": true, 
      "user": 1, 
      "num_in_topic": 3
    }
  }, 
  {
    "pk": 92, 
    "model": "forum.post", 
    "fields": {
      "body": "Metapost 2", 
      "edited_at": null, 
      "emoticons": true, 
      "posted_at": "2011-02-10 10:30:49", 
      "body_html": "<p>Metapost 2</p>", 
      "user_ip": null, 
      "topic": 4, 
      "meta": true, 
      "user": 1, 
      "num_in_topic": 2
    }
  }, 
  {
    "pk": 91, 
    "model": "forum.post", 
    "fields": {
      "body": "Metapost 1", 
      "edited_at": null, 
      "emoticons": true, 
      "posted_at": "2011-02-10 10:30:49", 
      "body_html": "<p>Metapost 1</p>", 
      "user_ip": null, 
      "topic": 4, 
      "meta": true, 
      "user": 1, 
      "num_in_topic": 1
    }
  }, 
  {
    "pk": 90, 
    "model": "forum.post", 
    "fields": {
      "body": "Metapost 3", 
      "edited_at": null, 
      "emoticons": true, 
      "posted_at": "2011-02-10 10:30:49", 
      "body_html": "<p>Metapost 3</p>", 
      "user_ip": null, 
      "topic": 3, 
      "meta": true, 
      "user": 3, 
      "num_in_topic": 3
    }
  }, 
  {
    "pk": 89, 
    "model": "forum.post", 
    "fields": {
      "body": "Metapost 2", 
      "edited_at": null, 
      "emoticons": true, 
      "posted_at": "2011-02-10 10:30:49", 
      "body_html": "<p>Metapost 2</p>", 
      "user_ip": null, 
      "topic": 3, 
      "meta": true, 
      "user": 3, 
      "num_in_topic": 2
    }
  }, 
  {
    "pk": 88, 
    "model": "forum.post", 
    "fields": {
      "body": "Metapost 1", 
      "edited_at": null, 
      "emoticons": true, 
      "posted_at": "2011-02-10 10:30:49", 
      "body_html": "<p>Metapost 1</p>", 
      "user_ip": null, 
      "topic": 3, 
      "meta": true, 
      "user": 3, 
      "num_in_topic": 1
    }
  }, 
  {
    "pk": 87, 
    "model": "forum.post", 
    "fields": {
      "body": "Metapost 3", 
      "edited_at": null, 
      "emoticons": true, 
      "posted_at": "2011-02-10 10:30:49", 
      "body_html": "<p>Metapost 3</p>", 
      "user_ip": null, 
      "topic": 2, 
      "meta": true, 
      "user": 2, 
      "num_in_topic": 3
    }
  }, 
  {
    "pk": 86, 
    "model": "forum.post", 
    "fields": {
      "body": "Metapost 2", 
      "edited_at": null, 
      "emoticons": true, 
      "posted_at": "2011-02-10 10:30:49", 
      "body_html": "<p>Metapost 2</p>", 
      "user_ip": null, 
      "topic": 2, 
      "meta": true, 
      "user": 2, 
      "num_in_topic": 2
    }
  }, 
  {
    "pk": 85, 
    "model": "forum.post", 
    "fields": {
      "body": "Metapost 1", 
      "edited_at": null, 
      "emoticons": true, 
      "posted_at": "2011-02-10 10:30:49", 
      "body_html": "<p>Metapost 1</p>", 
      "user_ip": null, 
      "topic": 2, 
      "meta": true, 
      "user": 2, 
      "num_in_topic": 1
    }
  }, 
  {
    "pk": 84, 
    "model": "forum.post", 
    "fields": {
      "body": "Metapost 3", 
      "edited_at": null, 
      "emoticons": true, 
      "posted_at": "2011-02-10 10:30:49", 
      "body_html": "<p>Metapost 3</p>", 
      "user_ip": null, 
      "topic": 1, 
      "meta": true, 
      "user": 1, 
      "num_in_topic": 3
    }
  }, 
  {
    "pk": 83, 
    "model": "forum.post", 
    "fields": {
      "body": "Metapost 2", 
      "edited_at": null, 
      "emoticons": true, 
      "posted_at": "2011-02-10 10:30:49", 
      "body_html": "<p>Metapost 2</p>", 
      "user_ip": null, 
      "topic": 1, 
      "meta": true, 
      "user": 1, 
      "num_in_topic": 2
    }
  }, 
  {
    "pk": 82, 
    "model": "forum.post", 
    "fields": {
      "body": "Metapost 1", 
      "edited_at": null, 
      "emoticons": true, 
      "posted_at": "2011-02-10 10:30:49", 
      "body_html": "<p>Metapost 1</p>", 
      "user_ip": null, 
      "topic": 1, 
      "meta": true, 
      "user": 1, 
      "num_in_topic": 1
    }
  }, 
  {
    "pk": 81, 
    "model": "forum.post", 
    "fields": {
      "body": "Post 3", 
      "edited_at": null, 
      "emoticons": true, 
      "posted_at": "2011-02-10 10:30:49", 
      "body_html": "<p>Post 3</p>", 
      "user_ip": null, 
      "topic": 27, 
      "meta": false, 
      "user": 3, 
      "num_in_topic": 3
    }
  }, 
  {
    "pk": 80, 
    "model": "forum.post", 
    "fields": {
      "body": "Post 2", 
      "edited_at": null, 
      "emoticons": true, 
      "posted_at": "2011-02-10 10:30:49", 
      "body_html": "<p>Post 2</p>", 
      "user_ip": null, 
      "topic": 27, 
      "meta": false, 
      "user": 3, 
      "num_in_topic": 2
    }
  }, 
  {
    "pk": 79, 
    "model": "forum.post", 
    "fields": {
      "body": "Post 1", 
      "edited_at": null, 
      "emoticons": true, 
      "posted_at": "2011-02-10 10:30:49", 
      "body_html": "<p>Post 1</p>", 
      "user_ip": null, 
      "topic": 27, 
      "meta": false, 
      "user": 3, 
      "num_in_topic": 1
    }
  }, 
  {
    "pk": 78, 
    "model": "forum.post", 
    "fields": {
      "body": "Post 3", 
      "edited_at": null, 
      "emoticons": true, 
      "posted_at": "2011-02-10 10:30:49", 
      "body_html": "<p>Post 3</p>", 
      "user_ip": null, 
      "topic": 26, 
      "meta": false, 
      "user": 2, 
      "num_in_topic": 3
    }
  }, 
  {
    "pk": 77, 
    "model": "forum.post", 
    "fields": {
      "body": "Post 2", 
      "edited_at": null, 
      "emoticons": true, 
      "posted_at": "2011-02-10 10:30:49", 
      "body_html": "<p>Post 2</p>", 
      "user_ip": null, 
      "topic": 26, 
      "meta": false, 
      "user": 2, 
      "num_in_topic": 2
    }
  }, 
  {
    "pk": 76, 
    "model": "forum.post", 
    "fields": {
      "body": "Post 1", 
      "edited_at": null, 
      "emoticons": true, 
      "posted_at": "2011-02-10 10:30:49", 
      "body_html": "<p>Post 1</p>", 
      "user_ip": null, 
      "topic": 26, 
      "meta": false, 
      "user": 2, 
      "num_in_topic": 1
    }
  }, 
  {
    "pk": 75, 
    "model": "forum.post", 
    "fields": {
      "body": "Post 3", 
      "edited_at": null, 
      "emoticons": true, 
      "posted_at": "2011-02-10 10:30:49", 
      "body_html": "<p>Post 3</p>", 
      "user_ip": null, 
      "topic": 25, 
      "meta": false, 
      "user": 1, 
      "num_in_topic": 3
    }
  }, 
  {
    "pk": 74, 
    "model": "forum.post", 
    "fields": {
      "body": "Post 2", 
      "edited_at": null, 
      "emoticons": true, 
      "posted_at": "2011-02-10 10:30:49", 
      "body_html": "<p>Post 2</p>", 
      "user_ip": null, 
      "topic": 25, 
      "meta": false, 
      "user": 1, 
      "num_in_topic": 2
    }
  }, 
  {
    "pk": 73, 
    "model": "forum.post", 
    "fields": {
      "body": "Post 1", 
      "edited_at": null, 
      "emoticons": true, 
      "posted_at": "2011-02-10 10:30:49", 
      "body_html": "<p>Post 1</p>", 
      "user_ip": null, 
      "topic": 25, 
      "meta": false, 
      "user": 1, 
      "num_in_topic": 1
    }
  }, 
  {
    "pk": 72, 
    "model": "forum.post", 
    "fields": {
      "body": "Post 3", 
      "edited_at": null, 
      "emoticons": true, 
      "posted_at": "2011-02-10 10:30:49", 
      "body_html": "<p>Post 3</p>", 
      "user_ip": null, 
      "topic": 24, 
      "meta": false, 
      "user": 3, 
      "num_in_topic": 3
    }
  }, 
  {
    "pk": 71, 
    "model": "forum.post", 
    "fields": {
      "body": "Post 2", 
      "edited_at": null, 
      "emoticons": true, 
      "posted_at": "2011-02-10 10:30:49", 
      "body_html": "<p>Post 2</p>", 
      "user_ip": null, 
      "topic": 24, 
      "meta": false, 
      "user": 3, 
      "num_in_topic": 2
    }
  }, 
  {
    "pk": 70, 
    "model": "forum.post", 
    "fields": {
      "body": "Post 1", 
      "edited_at": null, 
      "emoticons": true, 
      "posted_at": "2011-02-10 10:30:49", 
      "body_html": "<p>Post 1</p>", 
      "user_ip": null, 
      "topic": 24, 
      "meta": false, 
      "user": 3, 
      "num_in_topic": 1
    }
  }, 
  {
    "pk": 69, 
    "model": "forum.post", 
    "fields": {
      "body": "Post 3", 
      "edited_at": null, 
      "emoticons": true, 
      "posted_at": "2011-02-10 10:30:49", 
      "body_html": "<p>Post 3</p>", 
      "user_ip": null, 
      "topic": 23, 
      "meta": false, 
      "user": 2, 
      "num_in_topic": 3
    }
  }, 
  {
    "pk": 68, 
    "model": "forum.post", 
    "fields": {
      "body": "Post 2", 
      "edited_at": null, 
      "emoticons": true, 
      "posted_at": "2011-02-10 10:30:49", 
      "body_html": "<p>Post 2</p>", 
      "user_ip": null, 
      "topic": 23, 
      "meta": false, 
      "user": 2, 
      "num_in_topic": 2
    }
  }, 
  {
    "pk": 67, 
    "model": "forum.post", 
    "fields": {
      "body": "Post 1", 
      "edited_at": null, 
      "emoticons": true, 
      "posted_at": "2011-02-10 10:30:49", 
      "body_html": "<p>Post 1</p>", 
      "user_ip": null, 
      "topic": 23, 
      "meta": false, 
      "user": 2, 
      "num_in_topic": 1
    }
  }, 
  {
    "pk": 66, 
    "model": "forum.post", 
    "fields": {
      "body": "Post 3", 
      "edited_at": null, 
      "emoticons": true, 
      "posted_at": "2011-02-10 10:30:49", 
      "body_html": "<p>Post 3</p>", 
      "user_ip": null, 
      "topic": 22, 
      "meta": false, 
      "user": 1, 
      "num_in_topic": 3
    }
  }, 
  {
    "pk": 65, 
    "model": "forum.post", 
    "fields": {
      "body": "Post 2", 
      "edited_at": null, 
      "emoticons": true, 
      "posted_at": "2011-02-10 10:30:49", 
      "body_html": "<p>Post 2</p>", 
      "user_ip": null, 
      "topic": 22, 
      "meta": false, 
      "user": 1, 
      "num_in_topic": 2
    }
  }, 
  {
    "pk": 64, 
    "model": "forum.post", 
    "fields": {
      "body": "Post 1", 
      "edited_at": null, 
      "emoticons": true, 
      "posted_at": "2011-02-10 10:30:49", 
      "body_html": "<p>Post 1</p>", 
      "user_ip": null, 
      "topic": 22, 
      "meta": false, 
      "user": 1, 
      "num_in_topic": 1
    }
  }, 
  {
    "pk": 63, 
    "model": "forum.post", 
    "fields": {
      "body": "Post 3", 
      "edited_at": null, 
      "emoticons": true, 
      "posted_at": "2011-02-10 10:30:49", 
      "body_html": "<p>Post 3</p>", 
      "user_ip": null, 
      "topic": 21, 
      "meta": false, 
      "user": 3, 
      "num_in_topic": 3
    }
  }, 
  {
    "pk": 62, 
    "model": "forum.post", 
    "fields": {
      "body": "Post 2", 
      "edited_at": null, 
      "emoticons": true, 
      "posted_at": "2011-02-10 10:30:49", 
      "body_html": "<p>Post 2</p>", 
      "user_ip": null, 
      "topic": 21, 
      "meta": false, 
      "user": 3, 
      "num_in_topic": 2
    }
  }, 
  {
    "pk": 61, 
    "model": "forum.post", 
    "fields": {
      "body": "Post 1", 
      "edited_at": null, 
      "emoticons": true, 
      "posted_at": "2011-02-10 10:30:49", 
      "body_html": "<p>Post 1</p>", 
      "user_ip": null, 
      "topic": 21, 
      "meta": false, 
      "user": 3, 
      "num_in_topic": 1
    }
  }, 
  {
    "pk": 60, 
    "model": "forum.post", 
    "fields": {
      "body": "Post 3", 
      "edited_at": null, 
      "emoticons": true, 
      "posted_at": "2011-02-10 10:30:49", 
      "body_html": "<p>Post 3</p>", 
      "user_ip": null, 
      "topic": 20, 
      "meta": false, 
      "user": 2, 
      "num_in_topic": 3
    }
  }, 
  {
    "pk": 59, 
    "model": "forum.post", 
    "fields": {
      "body": "Post 2", 
      "edited_at": null, 
      "emoticons": true, 
      "posted_at": "2011-02-10 10:30:49", 
      "body_html": "<p>Post 2</p>", 
      "user_ip": null, 
      "topic": 20, 
      "meta": false, 
      "user": 2, 
      "num_in_topic": 2
    }
  }, 
  {
    "pk": 58, 
    "model": "forum.post", 
    "fields": {
      "body": "Post 1", 
      "edited_at": null, 
      "emoticons": true, 
      "posted_at": "2011-02-10 10:30:49", 
      "body_html": "<p>Post 1</p>", 
      "user_ip": null, 
      "topic": 20, 
      "meta": false, 
      "user": 2, 
      "num_in_topic": 1
    }
  }, 
  {
    "pk": 57, 
    "model": "forum.post", 
    "fields": {
      "body": "Post 3", 
      "edited_at": null, 
      "emoticons": true, 
      "posted_at": "2011-02-10 10:30:49", 
      "body_html": "<p>Post 3</p>", 
      "user_ip": null, 
      "topic": 19, 
      "meta": false, 
      "user": 1, 
      "num_in_topic": 3
    }
  }, 
  {
    "pk": 56, 
    "model": "forum.post", 
    "fields": {
      "body": "Post 2", 
      "edited_at": null, 
      "emoticons": true, 
      "posted_at": "2011-02-10 10:30:49", 
      "body_html": "<p>Post 2</p>", 
      "user_ip": null, 
      "topic": 19, 
      "meta": false, 
      "user": 1, 
      "num_in_topic": 2
    }
  }, 
  {
    "pk": 55, 
    "model": "forum.post", 
    "fields": {
      "body": "Post 1", 
      "edited_at": null, 
      "emoticons": true, 
      "posted_at": "2011-02-10 10:30:49", 
      "body_html": "<p>Post 1</p>", 
      "user_ip": null, 
      "topic": 19, 
      "meta": false, 
      "user": 1, 
      "num_in_topic": 1
    }
  }, 
  {
    "pk": 54, 
    "model": "forum.post", 
    "fields": {
      "body": "Post 3", 
      "edited_at": null, 
      "emoticons": true, 
      "posted_at": "2011-02-10 10:30:49", 
      "body_html": "<p>Post 3</p>", 
      "user_ip": null, 
      "topic": 18, 
      "meta": false, 
      "user": 3, 
      "num_in_topic": 3
    }
  }, 
  {
    "pk": 53, 
    "model": "forum.post", 
    "fields": {
      "body": "Post 2", 
      "edited_at": null, 
      "emoticons": true, 
      "posted_at": "2011-02-10 10:30:49", 
      "body_html": "<p>Post 2</p>", 
      "user_ip": null, 
      "topic": 18, 
      "meta": false, 
      "user": 3, 
      "num_in_topic": 2
    }
  }, 
  {
    "pk": 52, 
    "model": "forum.post", 
    "fields": {
      "body": "Post 1", 
      "edited_at": null, 
      "emoticons": true, 
      "posted_at": "2011-02-10 10:30:49", 
      "body_html": "<p>Post 1</p>", 
      "user_ip": null, 
      "topic": 18, 
      "meta": false, 
      "user": 3, 
      "num_in_topic": 1
    }
  }, 
  {
    "pk": 51, 
    "model": "forum.post", 
    "fields": {
      "body": "Post 3", 
      "edited_at": null, 
      "emoticons": true, 
      "posted_at": "2011-02-10 10:30:49", 
      "body_html": "<p>Post 3</p>", 
      "user_ip": null, 
      "topic": 17, 
      "meta": false, 
      "user": 2, 
      "num_in_topic": 3
    }
  }, 
  {
    "pk": 50, 
    "model": "forum.post", 
    "fields": {
      "body": "Post 2", 
      "edited_at": null, 
      "emoticons": true, 
      "posted_at": "2011-02-10 10:30:49", 
      "body_html": "<p>Post 2</p>", 
      "user_ip": null, 
      "topic": 17, 
      "meta": false, 
      "user": 2, 
      "num_in_topic": 2
    }
  }, 
  {
    "pk": 49, 
    "model": "forum.post", 
    "fields": {
      "body": "Post 1", 
      "edited_at": null, 
      "emoticons": true, 
      "posted_at": "2011-02-10 10:30:49", 
      "body_html": "<p>Post 1</p>", 
      "user_ip": null, 
      "topic": 17, 
      "meta": false, 
      "user": 2, 
      "num_in_topic": 1
    }
  }, 
  {
    "pk": 48, 
    "model": "forum.post", 
    "fields": {
      "body": "Post 3", 
      "edited_at": null, 
      "emoticons": true, 
      "posted_at": "2011-02-10 10:30:49", 
      "body_html": "<p>Post 3</p>", 
      "user_ip": null, 
      "topic": 16, 
      "meta": false, 
      "user": 1, 
      "num_in_topic": 3
    }
  }, 
  {
    "pk": 47, 
    "model": "forum.post", 
    "fields": {
      "body": "Post 2", 
      "edited_at": null, 
      "emoticons": true, 
      "posted_at": "2011-02-10 10:30:49", 
      "body_html": "<p>Post 2</p>", 
      "user_ip": null, 
      "topic": 16, 
      "meta": false, 
      "user": 1, 
      "num_in_topic": 2
    }
  }, 
  {
    "pk": 46, 
    "model": "forum.post", 
    "fields": {
      "body": "Post 1", 
      "edited_at": null, 
      "emoticons": true, 
      "posted_at": "2011-02-10 10:30:49", 
      "body_html": "<p>Post 1</p>", 
      "user_ip": null, 
      "topic": 16, 
      "meta": false, 
      "user": 1, 
      "num_in_topic": 1
    }
  }, 
  {
    "pk": 45, 
    "model": "forum.post", 
    "fields": {
      "body": "Post 3", 
      "edited_at": null, 
      "emoticons": true, 
      "posted_at": "2011-02-10 10:30:49", 
      "body_html": "<p>Post 3</p>", 
      "user_ip": null, 
      "topic": 15, 
      "meta": false, 
      "user": 3, 
      "num_in_topic": 3
    }
  }, 
  {
    "pk": 44, 
    "model": "forum.post", 
    "fields": {
      "body": "Post 2", 
      "edited_at": null, 
      "emoticons": true, 
      "posted_at": "2011-02-10 10:30:49", 
      "body_html": "<p>Post 2</p>", 
      "user_ip": null, 
      "topic": 15, 
      "meta": false, 
      "user": 3, 
      "num_in_topic": 2
    }
  }, 
  {
    "pk": 43, 
    "model": "forum.post", 
    "fields": {
      "body": "Post 1", 
      "edited_at": null, 
      "emoticons": true, 
      "posted_at": "2011-02-10 10:30:49", 
      "body_html": "<p>Post 1</p>", 
      "user_ip": null, 
      "topic": 15, 
      "meta": false, 
      "user": 3, 
      "num_in_topic": 1
    }
  }, 
  {
    "pk": 42, 
    "model": "forum.post", 
    "fields": {
      "body": "Post 3", 
      "edited_at": null, 
      "emoticons": true, 
      "posted_at": "2011-02-10 10:30:49", 
      "body_html": "<p>Post 3</p>", 
      "user_ip": null, 
      "topic": 14, 
      "meta": false, 
      "user": 2, 
      "num_in_topic": 3
    }
  }, 
  {
    "pk": 41, 
    "model": "forum.post", 
    "fields": {
      "body": "Post 2", 
      "edited_at": null, 
      "emoticons": true, 
      "posted_at": "2011-02-10 10:30:49", 
      "body_html": "<p>Post 2</p>", 
      "user_ip": null, 
      "topic": 14, 
      "meta": false, 
      "user": 2, 
      "num_in_topic": 2
    }
  }, 
  {
    "pk": 40, 
    "model": "forum.post", 
    "fields": {
      "body": "Post 1", 
      "edited_at": null, 
      "emoticons": true, 
      "posted_at": "2011-02-10 10:30:49", 
      "body_html": "<p>Post 1</p>", 
      "user_ip": null, 
      "topic": 14, 
      "meta": false, 
      "user": 2, 
      "num_in_topic": 1
    }
  }, 
  {
    "pk": 39, 
    "model": "forum.post", 
    "fields": {
      "body": "Post 3", 
      "edited_at": null, 
      "emoticons": true, 
      "posted_at": "2011-02-10 10:30:49", 
      "body_html": "<p>Post 3</p>", 
      "user_ip": null, 
      "topic": 13, 
      "meta": false, 
      "user": 1, 
      "num_in_topic": 3
    }
  }, 
  {
    "pk": 38, 
    "model": "forum.post", 
    "fields": {
      "body": "Post 2", 
      "edited_at": null, 
      "emoticons": true, 
      "posted_at": "2011-02-10 10:30:49", 
      "body_html": "<p>Post 2</p>", 
      "user_ip": null, 
      "topic": 13, 
      "meta": false, 
      "user": 1, 
      "num_in_topic": 2
    }
  }, 
  {
    "pk": 37, 
    "model": "forum.post", 
    "fields": {
      "body": "Post 1", 
      "edited_at": null, 
      "emoticons": true, 
      "posted_at": "2011-02-10 10:30:49", 
      "body_html": "<p>Post 1</p>", 
      "user_ip": null, 
      "topic": 13, 
      "meta": false, 
      "user": 1, 
      "num_in_topic": 1
    }
  }, 
  {
    "pk": 36, 
    "model": "forum.post", 
    "fields": {
      "body": "Post 3", 
      "edited_at": null, 
      "emoticons": true, 
      "posted_at": "2011-02-10 10:30:49", 
      "body_html": "<p>Post 3</p>", 
      "user_ip": null, 
      "topic": 12, 
      "meta": false, 
      "user": 3, 
      "num_in_topic": 3
    }
  }, 
  {
    "pk": 35, 
    "model": "forum.post", 
    "fields": {
      "body": "Post 2", 
      "edited_at": null, 
      "emoticons": true, 
      "posted_at": "2011-02-10 10:30:49", 
      "body_html": "<p>Post 2</p>", 
      "user_ip": null, 
      "topic": 12, 
      "meta": false, 
      "user": 3, 
      "num_in_topic": 2
    }
  }, 
  {
    "pk": 34, 
    "model": "forum.post", 
    "fields": {
      "body": "Post 1", 
      "edited_at": null, 
      "emoticons": true, 
      "posted_at": "2011-02-10 10:30:49", 
      "body_html": "<p>Post 1</p>", 
      "user_ip": null, 
      "topic": 12, 
      "meta": false, 
      "user": 3, 
      "num_in_topic": 1
    }
  }, 
  {
    "pk": 33, 
    "model": "forum.post", 
    "fields": {
      "body": "Post 3", 
      "edited_at": null, 
      "emoticons": true, 
      "posted_at": "2011-02-10 10:30:49", 
      "body_html": "<p>Post 3</p>", 
      "user_ip": null, 
      "topic": 11, 
      "meta": false, 
      "user": 2, 
      "num_in_topic": 3
    }
  }, 
  {
    "pk": 32, 
    "model": "forum.post", 
    "fields": {
      "body": "Post 2", 
      "edited_at": null, 
      "emoticons": true, 
      "posted_at": "2011-02-10 10:30:49", 
      "body_html": "<p>Post 2</p>", 
      "user_ip": null, 
      "topic": 11, 
      "meta": false, 
      "user": 2, 
      "num_in_topic": 2
    }
  }, 
  {
    "pk": 31, 
    "model": "forum.post", 
    "fields": {
      "body": "Post 1", 
      "edited_at": null, 
      "emoticons": true, 
      "posted_at": "2011-02-10 10:30:49", 
      "body_html": "<p>Post 1</p>", 
      "user_ip": null, 
      "topic": 11, 
      "meta": false, 
      "user": 2, 
      "num_in_topic": 1
    }
  }, 
  {
    "pk": 30, 
    "model": "forum.post", 
    "fields": {
      "body": "Post 3", 
      "edited_at": null, 
      "emoticons": true, 
      "posted_at": "2011-02-10 10:30:49", 
      "body_html": "<p>Post 3</p>", 
      "user_ip": null, 
      "topic": 10, 
      "meta": false, 
      "user": 1, 
      "num_in_topic": 3
    }
  }, 
  {
    "pk": 29, 
    "model": "forum.post", 
    "fields": {
      "body": "Post 2", 
      "edited_at": null, 
      "emoticons": true, 
      "posted_at": "2011-02-10 10:30:49", 
      "body_html": "<p>Post 2</p>", 
      "user_ip": null, 
      "topic": 10, 
      "meta": false, 
      "user": 1, 
      "num_in_topic": 2
    }
  }, 
  {
    "pk": 28, 
    "model": "forum.post", 
    "fields": {
      "body": "Post 1", 
      "edited_at": null, 
      "emoticons": true, 
      "posted_at": "2011-02-10 10:30:49", 
      "body_html": "<p>Post 1</p>", 
      "user_ip": null, 
      "topic": 10, 
      "meta": false, 
      "user": 1, 
      "num_in_topic": 1
    }
  }, 
  {
    "pk": 27, 
    "model": "forum.post", 
    "fields": {
      "body": "Post 3", 
      "edited_at": null, 
      "emoticons": true, 
      "posted_at": "2011-02-10 10:30:49", 
      "body_html": "<p>Post 3</p>", 
      "user_ip": null, 
      "topic": 9, 
      "meta": false, 
      "user": 3, 
      "num_in_topic": 3
    }
  }, 
  {
    "pk": 26, 
    "model": "forum.post", 
    "fields": {
      "body": "Post 2", 
      "edited_at": null, 
      "emoticons": true, 
      "posted_at": "2011-02-10 10:30:49", 
      "body_html": "<p>Post 2</p>", 
      "user_ip": null, 
      "topic": 9, 
      "meta": false, 
      "user": 3, 
      "num_in_topic": 2
    }
  }, 
  {
    "pk": 25, 
    "model": "forum.post", 
    "fields": {
      "body": "Post 1", 
      "edited_at": null, 
      "emoticons": true, 
      "posted_at": "2011-02-10 10:30:49", 
      "body_html": "<p>Post 1</p>", 
      "user_ip": null, 
      "topic": 9, 
      "meta": false, 
      "user": 3, 
      "num_in_topic": 1
    }
  }, 
  {
    "pk": 24, 
    "model": "forum.post", 
    "fields": {
      "body": "Post 3", 
      "edited_at": null, 
      "emoticons": true, 
      "posted_at": "2011-02-10 10:30:49", 
      "body_html": "<p>Post 3</p>", 
      "user_ip": null, 
      "topic": 8, 
      "meta": false, 
      "user": 2, 
      "num_in_topic": 3
    }
  }, 
  {
    "pk": 23, 
    "model": "forum.post", 
    "fields": {
      "body": "Post 2", 
      "edited_at": null, 
      "emoticons": true, 
      "posted_at": "2011-02-10 10:30:49", 
      "body_html": "<p>Post 2</p>", 
      "user_ip": null, 
      "topic": 8, 
      "meta": false, 
      "user": 2, 
      "num_in_topic": 2
    }
  }, 
  {
    "pk": 22, 
    "model": "forum.post", 
    "fields": {
      "body": "Post 1", 
      "edited_at": null, 
      "emoticons": true, 
      "posted_at": "2011-02-10 10:30:49", 
      "body_html": "<p>Post 1</p>", 
      "user_ip": null, 
      "topic": 8, 
      "meta": false, 
      "user": 2, 
      "num_in_topic": 1
    }
  }, 
  {
    "pk": 21, 
    "model": "forum.post", 
    "fields": {
      "body": "Post 3", 
      "edited_at": null, 
      "emoticons": true, 
      "posted_at": "2011-02-10 10:30:49", 
      "body_html": "<p>Post 3</p>", 
      "user_ip": null, 
      "topic": 7, 
      "meta": false, 
      "user": 1, 
      "num_in_topic": 3
    }
  }, 
  {
    "pk": 20, 
    "model": "forum.post", 
    "fields": {
      "body": "Post 2", 
      "edited_at": null, 
      "emoticons": true, 
      "posted_at": "2011-02-10 10:30:49", 
      "body_html": "<p>Post 2</p>", 
      "user_ip": null, 
      "topic": 7, 
      "meta": false, 
      "user": 1, 
      "num_in_topic": 2
    }
  }, 
  {
    "pk": 19, 
    "model": "forum.post", 
    "fields": {
      "body": "Post 1", 
      "edited_at": null, 
      "emoticons": true, 
      "posted_at": "2011-02-10 10:30:49", 
      "body_html": "<p>Post 1</p>", 
      "user_ip": null, 
      "topic": 7, 
      "meta": false, 
      "user": 1, 
      "num_in_topic": 1
    }
  }, 
  {
    "pk": 18, 
    "model": "forum.post", 
    "fields": {
      "body": "Post 3", 
      "edited_at": null, 
      "emoticons": true, 
      "posted_at": "2011-02-10 10:30:49", 
      "body_html": "<p>Post 3</p>", 
      "user_ip": null, 
      "topic": 6, 
      "meta": false, 
      "user": 3, 
      "num_in_topic": 3
    }
  }, 
  {
    "pk": 17, 
    "model": "forum.post", 
    "fields": {
      "body": "Post 2", 
      "edited_at": null, 
      "emoticons": true, 
      "posted_at": "2011-02-10 10:30:49", 
      "body_html": "<p>Post 2</p>", 
      "user_ip": null, 
      "topic": 6, 
      "meta": false, 
      "user": 3, 
      "num_in_topic": 2
    }
  }, 
  {
    "pk": 16, 
    "model": "forum.post", 
    "fields": {
      "body": "Post 1", 
      "edited_at": null, 
      "emoticons": true, 
      "posted_at": "2011-02-10 10:30:49", 
      "body_html": "<p>Post 1</p>", 
      "user_ip": null, 
      "topic": 6, 
      "meta": false, 
      "user": 3, 
      "num_in_topic": 1
    }
  }, 
  {
    "pk": 15, 
    "model": "forum.post", 
    "fields": {
      "body": "Post 3", 
      "edited_at": null, 
      "emoticons": true, 
      "posted_at": "2011-02-10 10:30:49", 
      "body_html": "<p>Post 3</p>", 
      "user_ip": null, 
      "topic": 5, 
      "meta": false, 
      "user": 2, 
      "num_in_topic": 3
    }
  }, 
  {
    "pk": 14, 
    "model": "forum.post", 
    "fields": {
      "body": "Post 2", 
      "edited_at": null, 
      "emoticons": true, 
      "posted_at": "2011-02-10 10:30:49", 
      "body_html": "<p>Post 2</p>", 
      "user_ip": null, 
      "topic": 5, 
      "meta": false, 
      "user": 2, 
      "num_in_topic": 2
    }
  }, 
  {
    "pk": 13, 
    "model": "forum.post", 
    "fields": {
      "body": "Post 1", 
      "edited_at": null, 
      "emoticons": true, 
      "posted_at": "2011-02-10 10:30:49", 
      "body_html": "<p>Post 1</p>", 
      "user_ip": null, 
      "topic": 5, 
      "meta": false, 
      "user": 2, 
      "num_in_topic": 1
    }
  }, 
  {
    "pk": 12, 
    "model": "forum.post", 
    "fields": {
      "body": "Post 3", 
      "edited_at": null, 
      "emoticons": true, 
      "posted_at": "2011-02-10 10:30:49", 
      "body_html": "<p>Post 3</p>", 
      "user_ip": null, 
      "topic": 4, 
      "meta": false, 
      "user": 1, 
      "num_in_topic": 3
    }
  }, 
  {
    "pk": 11, 
    "model": "forum.post", 
    "fields": {
      "body": "Post 2", 
      "edited_at": null, 
      "emoticons": true, 
      "posted_at": "2011-02-10 10:30:49", 
      "body_html": "<p>Post 2</p>", 
      "user_ip": null, 
      "topic": 4, 
      "meta": false, 
      "user": 1, 
      "num_in_topic": 2
    }
  }, 
  {
    "pk": 10, 
    "model": "forum.post", 
    "fields": {
      "body": "Post 1", 
      "edited_at": null, 
      "emoticons": true, 
      "posted_at": "2011-02-10 10:30:49", 
      "body_html": "<p>Post 1</p>", 
      "user_ip": null, 
      "topic": 4, 
      "meta": false, 
      "user": 1, 
      "num_in_topic": 1
    }
  }, 
  {
    "pk": 9, 
    "model": "forum.post", 
    "fields": {
      "body": "Post 3", 
      "edited_at": null, 
      "emoticons": true, 
      "posted_at": "2011-02-10 10:30:49", 
      "body_html": "<p>Post 3</p>", 
      "user_ip": null, 
      "topic": 3, 
      "meta": false, 
      "user": 3, 
      "num_in_topic": 3
    }
  }, 
  {
    "pk": 8, 
    "model": "forum.post", 
    "fields": {
      "body": "Post 2", 
      "edited_at": null, 
      "emoticons": true, 
      "posted_at": "2011-02-10 10:30:49", 
      "body_html": "<p>Post 2</p>", 
      "user_ip": null, 
      "topic": 3, 
      "meta": false, 
      "user": 3, 
      "num_in_topic": 2
    }
  }, 
  {
    "pk": 7, 
    "model": "forum.post", 
    "fields": {
      "body": "Post 1", 
      "edited_at": null, 
      "emoticons": true, 
      "posted_at": "2011-02-10 10:30:49", 
      "body_html": "<p>Post 1</p>", 
      "user_ip": null, 
      "topic": 3, 
      "meta": false, 
      "user": 3, 
      "num_in_topic": 1
    }
  }, 
  {
    "pk": 6, 
    "model": "forum.post", 
    "fields": {
      "body": "Post 3", 
      "edited_at": null, 
      "emoticons": true, 
      "posted_at": "2011-02-10 10:30:49", 
      "body_html": "<p>Post 3</p>", 
      "user_ip": null, 
      "topic": 2, 
      "meta": false, 
      "user": 2, 
      "num_in_topic": 3
    }
  }, 
  {
    "pk": 5, 
    "model": "forum.post", 
    "fields": {
      "body": "Post 2", 
      "edited_at": null, 
      "emoticons": true, 
      "posted_at": "2011-02-10 10:30:49", 
      "body_html": "<p>Post 2</p>", 
      "user_ip": null, 
      "topic": 2, 
      "meta": false, 
      "user": 2, 
      "num_in_topic": 2
    }
  }, 
  {
    "pk": 4, 
    "model": "forum.post", 
    "fields": {
      "body": "Post 1", 
      "edited_at": null, 
      "emoticons": true, 
      "posted_at": "2011-02-10 10:30:49", 
      "body_html": "<p>Post 1</p>", 
      "user_ip": null, 
      "topic": 2, 
      "meta": false, 
      "user": 2, 
      "num_in_topic": 1
    }
  }, 
  {
    "pk": 3, 
    "model": "forum.post", 
    "fields": {
      "body": "Post 3", 
      "edited_at": null, 
      "emoticons": true, 
      "posted_at": "2011-02-10 10:30:49", 
      "body_html": "<p>Post 3</p>", 
      "user_ip": null, 
      "topic": 1, 
      "meta": false, 
      "user": 1, 
      "num_in_topic": 3
    }
  }, 
  {
    "pk": 2, 
    "model": "forum.post", 
    "fields": {
      "body": "Post 2", 
      "edited_at": null, 
      "emoticons": true, 
      "posted_at": "2011-02-10 10:30:49", 
      "body_html": "<p>Post 2</p>", 
      "user_ip": null, 
      "topic": 1, 
      "meta": false, 
      "user": 1, 
      "num_in_topic": 2
    }
  }, 
  {
    "pk": 1, 
    "model": "forum.post", 
    "fields": {
      "body": "Post 1", 
      "edited_at": null, 
      "emoticons": true, 
      "posted_at": "2011-02-10 10:30:49", 
      "body_html": "<p>Post 1</p>", 
      "user_ip": null, 
      "topic": 1, 
      "meta": false, 
      "user": 1, 
      "num_in_topic": 1
    }
  }, 
  {
    "pk": 22, 
    "model": "auth.permission", 
    "fields": {
      "codename": "add_logentry", 
      "name": "Can add log entry", 
      "content_type": 8
    }
  }, 
  {
    "pk": 23, 
    "model": "auth.permission", 
    "fields": {
      "codename": "change_logentry", 
      "name": "Can change log entry", 
      "content_type": 8
    }
  }, 
  {
    "pk": 24, 
    "model": "auth.permission", 
    "fields": {
      "codename": "delete_logentry", 
      "name": "Can delete log entry", 
      "content_type": 8
    }
  }, 
  {
    "pk": 4, 
    "model": "auth.permission", 
    "fields": {
      "codename": "add_group", 
      "name": "Can add group", 
      "content_type": 2
    }
  }, 
  {
    "pk": 5, 
    "model": "auth.permission", 
    "fields": {
      "codename": "change_group", 
      "name": "Can change group", 
      "content_type": 2
    }
  }, 
  {
    "pk": 6, 
    "model": "auth.permission", 
    "fields": {
      "codename": "delete_group", 
      "name": "Can delete group", 
      "content_type": 2
    }
  }, 
  {
    "pk": 10, 
    "model": "auth.permission", 
    "fields": {
      "codename": "add_message", 
      "name": "Can add message", 
      "content_type": 4
    }
  }, 
  {
    "pk": 11, 
    "model": "auth.permission", 
    "fields": {
      "codename": "change_message", 
      "name": "Can change message", 
      "content_type": 4
    }
  }, 
  {
    "pk": 12, 
    "model": "auth.permission", 
    "fields": {
      "codename": "delete_message", 
      "name": "Can delete message", 
      "content_type": 4
    }
  }, 
  {
    "pk": 1, 
    "model": "auth.permission", 
    "fields": {
      "codename": "add_permission", 
      "name": "Can add permission", 
      "content_type": 1
    }
  }, 
  {
    "pk": 2, 
    "model": "auth.permission", 
    "fields": {
      "codename": "change_permission", 
      "name": "Can change permission", 
      "content_type": 1
    }
  }, 
  {
    "pk": 3, 
    "model": "auth.permission", 
    "fields": {
      "codename": "delete_permission", 
      "name": "Can delete permission", 
      "content_type": 1
    }
  }, 
  {
    "pk": 7, 
    "model": "auth.permission", 
    "fields": {
      "codename": "add_user", 
      "name": "Can add user", 
      "content_type": 3
    }
  }, 
  {
    "pk": 8, 
    "model": "auth.permission", 
    "fields": {
      "codename": "change_user", 
      "name": "Can change user", 
      "content_type": 3
    }
  }, 
  {
    "pk": 9, 
    "model": "auth.permission", 
    "fields": {
      "codename": "delete_user", 
      "name": "Can delete user", 
      "content_type": 3
    }
  }, 
  {
    "pk": 13, 
    "model": "auth.permission", 
    "fields": {
      "codename": "add_contenttype", 
      "name": "Can add content type", 
      "content_type": 5
    }
  }, 
  {
    "pk": 14, 
    "model": "auth.permission", 
    "fields": {
      "codename": "change_contenttype", 
      "name": "Can change content type", 
      "content_type": 5
    }
  }, 
  {
    "pk": 15, 
    "model": "auth.permission", 
    "fields": {
      "codename": "delete_contenttype", 
      "name": "Can delete content type", 
      "content_type": 5
    }
  }, 
  {
    "pk": 34, 
    "model": "auth.permission", 
    "fields": {
      "codename": "add_forum", 
      "name": "Can add forum", 
      "content_type": 12
    }
  }, 
  {
    "pk": 35, 
    "model": "auth.permission", 
    "fields": {
      "codename": "change_forum", 
      "name": "Can change forum", 
      "content_type": 12
    }
  }, 
  {
    "pk": 36, 
    "model": "auth.permission", 
    "fields": {
      "codename": "delete_forum", 
      "name": "Can delete forum", 
      "content_type": 12
    }
  }, 
  {
    "pk": 28, 
    "model": "auth.permission", 
    "fields": {
      "codename": "add_forumprofile", 
      "name": "Can add forum profile", 
      "content_type": 10
    }
  }, 
  {
    "pk": 29, 
    "model": "auth.permission", 
    "fields": {
      "codename": "change_forumprofile", 
      "name": "Can change forum profile", 
      "content_type": 10
    }
  }, 
  {
    "pk": 30, 
    "model": "auth.permission", 
    "fields": {
      "codename": "delete_forumprofile", 
      "name": "Can delete forum profile", 
      "content_type": 10
    }
  }, 
  {
    "pk": 40, 
    "model": "auth.permission", 
    "fields": {
      "codename": "add_post", 
      "name": "Can add post", 
      "content_type": 14
    }
  }, 
  {
    "pk": 41, 
    "model": "auth.permission", 
    "fields": {
      "codename": "change_post", 
      "name": "Can change post", 
      "content_type": 14
    }
  }, 
  {
    "pk": 42, 
    "model": "auth.permission", 
    "fields": {
      "codename": "delete_post", 
      "name": "Can delete post", 
      "content_type": 14
    }
  }, 
  {
    "pk": 43, 
    "model": "auth.permission", 
    "fields": {
      "codename": "add_search", 
      "name": "Can add search", 
      "content_type": 15
    }
  }, 
  {
    "pk": 44, 
    "model": "auth.permission", 
    "fields": {
      "codename": "change_search", 
      "name": "Can change search", 
      "content_type": 15
    }
  }, 
  {
    "pk": 45, 
    "model": "auth.permission", 
    "fields": {
      "codename": "delete_search", 
      "name": "Can delete search", 
      "content_type": 15
    }
  }, 
  {
    "pk": 31, 
    "model": "auth.permission", 
    "fields": {
      "codename": "add_section", 
      "name": "Can add section", 
      "content_type": 11
    }
  }, 
  {
    "pk": 32, 
    "model": "auth.permission", 
    "fields": {
      "codename": "change_section", 
      "name": "Can change section", 
      "content_type": 11
    }
  }, 
  {
    "pk": 33, 
    "model": "auth.permission", 
    "fields": {
      "codename": "delete_section", 
      "name": "Can delete section", 
      "content_type": 11
    }
  }, 
  {
    "pk": 37, 
    "model": "auth.permission", 
    "fields": {
      "codename": "add_topic", 
      "name": "Can add topic", 
      "content_type": 13
    }
  }, 
  {
    "pk": 38, 
    "model": "auth.permission", 
    "fields": {
      "codename": "change_topic", 
      "name": "Can change topic", 
      "content_type": 13
    }
  }, 
  {
    "pk": 39, 
    "model": "auth.permission", 
    "fields": {
      "codename": "delete_topic", 
      "name": "Can delete topic", 
      "content_type": 13
    }
  }, 
  {
    "pk": 25, 
    "model": "auth.permission", 
    "fields": {
      "codename": "add_registrationprofile", 
      "name": "Can add registration profile", 
      "content_type": 9
    }
  }, 
  {
    "pk": 26, 
    "model": "auth.permission", 
    "fields": {
      "codename": "change_registrationprofile", 
      "name": "Can change registration profile", 
      "content_type": 9
    }
  }, 
  {
    "pk": 27, 
    "model": "auth.permission", 
    "fields": {
      "codename": "delete_registrationprofile", 
      "name": "Can delete registration profile", 
      "content_type": 9
    }
  }, 
  {
    "pk": 16, 
    "model": "auth.permission", 
    "fields": {
      "codename": "add_session", 
      "name": "Can add session", 
      "content_type": 6
    }
  }, 
  {
    "pk": 17, 
    "model": "auth.permission", 
    "fields": {
      "codename": "change_session", 
      "name": "Can change session", 
      "content_type": 6
    }
  }, 
  {
    "pk": 18, 
    "model": "auth.permission", 
    "fields": {
      "codename": "delete_session", 
      "name": "Can delete session", 
      "content_type": 6
    }
  }, 
  {
    "pk": 19, 
    "model": "auth.permission", 
    "fields": {
      "codename": "add_site", 
      "name": "Can add site", 
      "content_type": 7
    }
  }, 
  {
    "pk": 20, 
    "model": "auth.permission", 
    "fields": {
      "codename": "change_site", 
      "name": "Can change site", 
      "content_type": 7
    }
  }, 
  {
    "pk": 21, 
    "model": "auth.permission", 
    "fields": {
      "codename": "delete_site", 
      "name": "Can delete site", 
      "content_type": 7
    }
  }, 
  {
    "pk": 1, 
    "model": "auth.user", 
    "fields": {
      "username": "admin", 
      "first_name": "Admin", 
      "last_name": "User", 
      "is_active": true, 
      "is_superuser": true, 
      "is_staff": true, 
      "last_login": "2011-02-10 10:30:49", 
      "groups": [], 
      "user_permissions": [], 
      "password": "sha1$4ca0a$802bb277b845761e983e6416b6d9045b42523a8f", 
      "email": "a@a.com", 
      "date_joined": "2011-02-10 10:30:49"
    }
  }, 
  {
    "pk": 2, 
    "model": "auth.user", 
    "fields": {
      "username": "moderator", 
      "first_name": "Moderator", 
      "last_name": "User", 
      "is_active": true, 
      "is_superuser": false, 
      "is_staff": false, 
      "last_login": "2011-02-10 10:30:49", 
      "groups": [], 
      "user_permissions": [], 
      "password": "sha1$efce0$577c3c6e8226684d43537d89d7c2d43ef0abbc5b", 
      "email": "m@m.com", 
      "date_joined": "2011-02-10 10:30:49"
    }
  }, 
  {
    "pk": 3, 
    "model": "auth.user", 
    "fields": {
      "username": "user", 
      "first_name": "Test", 
      "last_name": "User", 
      "is_active": true, 
      "is_superuser": false, 
      "is_staff": false, 
      "last_login": "2011-02-10 10:30:49", 
      "groups": [], 
      "user_permissions": [], 
      "password": "sha1$3518b$43dfaa04c999e08b4065a066515a2fb5000c2054", 
      "email": "u@u.com", 
      "date_joined": "2011-02-10 10:30:49"
    }
  }
]