[
  {
    "pk": "1", 
    "model": "auth.user", 
    "fields": {
      "username": "admin", 
      "first_name": "Admin", 
      "last_name": "User", 
      "is_active": true, 
      "is_superuser": true, 
      "is_staff": true, 
      "last_login": "2007-09-13 13:40:38", 
      "groups": [], 
      "user_permissions": [], 
      "password": "sha1$5f165$fce2befa5fd96e7ec4fd8a63e7407ebde74ad777", 
      "email": "a@a.com", 
      "date_joined": "2007-09-13 13:40:38"
    }
  }, 
  {
    "pk": "2", 
    "model": "auth.user", 
    "fields": {
      "username": "moderator", 
      "first_name": "Moderator", 
      "last_name": "User", 
      "is_active": true, 
      "is_superuser": false, 
      "is_staff": false, 
      "last_login": "2007-09-13 13:40:38", 
      "groups": [], 
      "user_permissions": [], 
      "password": "sha1$a6829$af849609460bf2b2a6fac40af5a75527c08f6ff9", 
      "email": "m@m.com", 
      "date_joined": "2007-09-13 13:40:38"
    }
  }, 
  {
    "pk": "3", 
    "model": "auth.user", 
    "fields": {
      "username": "user", 
      "first_name": "Test", 
      "last_name": "User", 
      "is_active": true, 
      "is_superuser": false, 
      "is_staff": false, 
      "last_login": "2007-09-13 13:40:38", 
      "groups": [], 
      "user_permissions": [], 
      "password": "sha1$a33ff$41e8adb151392e07af0d2e522bdffbc40571f284", 
      "email": "u@u.com", 
      "date_joined": "2007-09-13 13:40:38"
    }
  },
  {
    "pk": "27", 
    "model": "forum.topic", 
    "fields": {
      "view_count": 0, 
      "last_post_at": "2007-09-13 13:40:38", 
      "locked": false, 
      "description": "", 
      "forum": 9, 
      "title": "Topic 3", 
      "post_count": 3, 
      "pinned": false, 
      "last_username": "user", 
      "user": 3, 
      "hidden": false, 
      "started_at": "2007-09-13 13:40:38", 
      "last_user_id": 3
    }
  }, 
  {
    "pk": "26", 
    "model": "forum.topic", 
    "fields": {
      "view_count": 0, 
      "last_post_at": "2007-09-13 13:40:38", 
      "locked": false, 
      "description": "", 
      "forum": 9, 
      "title": "Topic 2", 
      "post_count": 3, 
      "pinned": false, 
      "last_username": "moderator", 
      "user": 2, 
      "hidden": false, 
      "started_at": "2007-09-13 13:40:38", 
      "last_user_id": 2
    }
  }, 
  {
    "pk": "25", 
    "model": "forum.topic", 
    "fields": {
      "view_count": 0, 
      "last_post_at": "2007-09-13 13:40:38", 
      "locked": false, 
      "description": "", 
      "forum": 9, 
      "title": "Topic 1", 
      "post_count": 3, 
      "pinned": false, 
      "last_username": "admin", 
      "user": 1, 
      "hidden": false, 
      "started_at": "2007-09-13 13:40:38", 
      "last_user_id": 1
    }
  }, 
  {
    "pk": "23", 
    "model": "forum.topic", 
    "fields": {
      "view_count": 0, 
      "last_post_at": "2007-09-13 13:40:38", 
      "locked": false, 
      "description": "", 
      "forum": 8, 
      "title": "Topic 2", 
      "post_count": 3, 
      "pinned": false, 
      "last_username": "moderator", 
      "user": 2, 
      "hidden": false, 
      "started_at": "2007-09-13 13:40:38", 
      "last_user_id": 2
    }
  }, 
  {
    "pk": "24", 
    "model": "forum.topic", 
    "fields": {
      "view_count": 0, 
      "last_post_at": "2007-09-13 13:40:38", 
      "locked": false, 
      "description": "", 
      "forum": 8, 
      "title": "Topic 3", 
      "post_count": 3, 
      "pinned": false, 
      "last_username": "user", 
      "user": 3, 
      "hidden": false, 
      "started_at": "2007-09-13 13:40:38", 
      "last_user_id": 3
    }
  }, 
  {
    "pk": "22", 
    "model": "forum.topic", 
    "fields": {
      "view_count": 0, 
      "last_post_at": "2007-09-13 13:40:38", 
      "locked": false, 
      "description": "", 
      "forum": 8, 
      "title": "Topic 1", 
      "post_count": 3, 
      "pinned": false, 
      "last_username": "admin", 
      "user": 1, 
      "hidden": false, 
      "started_at": "2007-09-13 13:40:38", 
      "last_user_id": 1
    }
  }, 
  {
    "pk": "21", 
    "model": "forum.topic", 
    "fields": {
      "view_count": 0, 
      "last_post_at": "2007-09-13 13:40:38", 
      "locked": false, 
      "description": "", 
      "forum": 7, 
      "title": "Topic 3", 
      "post_count": 3, 
      "pinned": false, 
      "last_username": "user", 
      "user": 3, 
      "hidden": false, 
      "started_at": "2007-09-13 13:40:38", 
      "last_user_id": 3
    }
  }, 
  {
    "pk": "19", 
    "model": "forum.topic", 
    "fields": {
      "view_count": 0, 
      "last_post_at": "2007-09-13 13:40:38", 
      "locked": false, 
      "description": "", 
      "forum": 7, 
      "title": "Topic 1", 
      "post_count": 3, 
      "pinned": false, 
      "last_username": "admin", 
      "user": 1, 
      "hidden": false, 
      "started_at": "2007-09-13 13:40:38", 
      "last_user_id": 1
    }
  }, 
  {
    "pk": "20", 
    "model": "forum.topic", 
    "fields": {
      "view_count": 0, 
      "last_post_at": "2007-09-13 13:40:38", 
      "locked": false, 
      "description": "", 
      "forum": 7, 
      "title": "Topic 2", 
      "post_count": 3, 
      "pinned": false, 
      "last_username": "moderator", 
      "user": 2, 
      "hidden": false, 
      "started_at": "2007-09-13 13:40:38", 
      "last_user_id": 2
    }
  }, 
  {
    "pk": "18", 
    "model": "forum.topic", 
    "fields": {
      "view_count": 0, 
      "last_post_at": "2007-09-13 13:40:38", 
      "locked": false, 
      "description": "", 
      "forum": 6, 
      "title": "Topic 3", 
      "post_count": 3, 
      "pinned": false, 
      "last_username": "user", 
      "user": 3, 
      "hidden": false, 
      "started_at": "2007-09-13 13:40:38", 
      "last_user_id": 3
    }
  }, 
  {
    "pk": "17", 
    "model": "forum.topic", 
    "fields": {
      "view_count": 0, 
      "last_post_at": "2007-09-13 13:40:38", 
      "locked": false, 
      "description": "", 
      "forum": 6, 
      "title": "Topic 2", 
      "post_count": 3, 
      "pinned": false, 
      "last_username": "moderator", 
      "user": 2, 
      "hidden": false, 
      "started_at": "2007-09-13 13:40:38", 
      "last_user_id": 2
    }
  }, 
  {
    "pk": "15", 
    "model": "forum.topic", 
    "fields": {
      "view_count": 0, 
      "last_post_at": "2007-09-13 13:40:38", 
      "locked": false, 
      "description": "", 
      "forum": 5, 
      "title": "Topic 3", 
      "post_count": 3, 
      "pinned": false, 
      "last_username": "user", 
      "user": 3, 
      "hidden": false, 
      "started_at": "2007-09-13 13:40:38", 
      "last_user_id": 3
    }
  }, 
  {
    "pk": "16", 
    "model": "forum.topic", 
    "fields": {
      "view_count": 0, 
      "last_post_at": "2007-09-13 13:40:38", 
      "locked": false, 
      "description": "", 
      "forum": 6, 
      "title": "Topic 1", 
      "post_count": 3, 
      "pinned": false, 
      "last_username": "admin", 
      "user": 1, 
      "hidden": false, 
      "started_at": "2007-09-13 13:40:38", 
      "last_user_id": 1
    }
  }, 
  {
    "pk": "14", 
    "model": "forum.topic", 
    "fields": {
      "view_count": 0, 
      "last_post_at": "2007-09-13 13:40:38", 
      "locked": false, 
      "description": "", 
      "forum": 5, 
      "title": "Topic 2", 
      "post_count": 3, 
      "pinned": false, 
      "last_username": "moderator", 
      "user": 2, 
      "hidden": false, 
      "started_at": "2007-09-13 13:40:38", 
      "last_user_id": 2
    }
  }, 
  {
    "pk": "13", 
    "model": "forum.topic", 
    "fields": {
      "view_count": 0, 
      "last_post_at": "2007-09-13 13:40:38", 
      "locked": false, 
      "description": "", 
      "forum": 5, 
      "title": "Topic 1", 
      "post_count": 3, 
      "pinned": false, 
      "last_username": "admin", 
      "user": 1, 
      "hidden": false, 
      "started_at": "2007-09-13 13:40:38", 
      "last_user_id": 1
    }
  }, 
  {
    "pk": "12", 
    "model": "forum.topic", 
    "fields": {
      "view_count": 0, 
      "last_post_at": "2007-09-13 13:40:38", 
      "locked": false, 
      "description": "", 
      "forum": 4, 
      "title": "Topic 3", 
      "post_count": 3, 
      "pinned": false, 
      "last_username": "user", 
      "user": 3, 
      "hidden": false, 
      "started_at": "2007-09-13 13:40:38", 
      "last_user_id": 3
    }
  }, 
  {
    "pk": "11", 
    "model": "forum.topic", 
    "fields": {
      "view_count": 0, 
      "last_post_at": "2007-09-13 13:40:38", 
      "locked": false, 
      "description": "", 
      "forum": 4, 
      "title": "Topic 2", 
      "post_count": 3, 
      "pinned": false, 
      "last_username": "moderator", 
      "user": 2, 
      "hidden": false, 
      "started_at": "2007-09-13 13:40:38", 
      "last_user_id": 2
    }
  }, 
  {
    "pk": "9", 
    "model": "forum.topic", 
    "fields": {
      "view_count": 0, 
      "last_post_at": "2007-09-13 13:40:38", 
      "locked": false, 
      "description": "", 
      "forum": 3, 
      "title": "Topic 3", 
      "post_count": 3, 
      "pinned": false, 
      "last_username": "user", 
      "user": 3, 
      "hidden": false, 
      "started_at": "2007-09-13 13:40:38", 
      "last_user_id": 3
    }
  }, 
  {
    "pk": "10", 
    "model": "forum.topic", 
    "fields": {
      "view_count": 0, 
      "last_post_at": "2007-09-13 13:40:38", 
      "locked": false, 
      "description": "", 
      "forum": 4, 
      "title": "Topic 1", 
      "post_count": 3, 
      "pinned": false, 
      "last_username": "admin", 
      "user": 1, 
      "hidden": false, 
      "started_at": "2007-09-13 13:40:38", 
      "last_user_id": 1
    }
  }, 
  {
    "pk": "8", 
    "model": "forum.topic", 
    "fields": {
      "view_count": 0, 
      "last_post_at": "2007-09-13 13:40:38", 
      "locked": false, 
      "description": "", 
      "forum": 3, 
      "title": "Topic 2", 
      "post_count": 3, 
      "pinned": false, 
      "last_username": "moderator", 
      "user": 2, 
      "hidden": false, 
      "started_at": "2007-09-13 13:40:38", 
      "last_user_id": 2
    }
  }, 
  {
    "pk": "7", 
    "model": "forum.topic", 
    "fields": {
      "view_count": 0, 
      "last_post_at": "2007-09-13 13:40:38", 
      "locked": false, 
      "description": "", 
      "forum": 3, 
      "title": "Topic 1", 
      "post_count": 3, 
      "pinned": false, 
      "last_username": "admin", 
      "user": 1, 
      "hidden": false, 
      "started_at": "2007-09-13 13:40:38", 
      "last_user_id": 1
    }
  }, 
  {
    "pk": "5", 
    "model": "forum.topic", 
    "fields": {
      "view_count": 0, 
      "last_post_at": "2007-09-13 13:40:38", 
      "locked": false, 
      "description": "", 
      "forum": 2, 
      "title": "Topic 2", 
      "post_count": 3, 
      "pinned": false, 
      "last_username": "moderator", 
      "user": 2, 
      "hidden": false, 
      "started_at": "2007-09-13 13:40:38", 
      "last_user_id": 2
    }
  }, 
  {
    "pk": "6", 
    "model": "forum.topic", 
    "fields": {
      "view_count": 0, 
      "last_post_at": "2007-09-13 13:40:38", 
      "locked": false, 
      "description": "", 
      "forum": 2, 
      "title": "Topic 3", 
      "post_count": 3, 
      "pinned": false, 
      "last_username": "user", 
      "user": 3, 
      "hidden": false, 
      "started_at": "2007-09-13 13:40:38", 
      "last_user_id": 3
    }
  }, 
  {
    "pk": "4", 
    "model": "forum.topic", 
    "fields": {
      "view_count": 0, 
      "last_post_at": "2007-09-13 13:40:38", 
      "locked": false, 
      "description": "", 
      "forum": 2, 
      "title": "Topic 1", 
      "post_count": 3, 
      "pinned": false, 
      "last_username": "admin", 
      "user": 1, 
      "hidden": false, 
      "started_at": "2007-09-13 13:40:38", 
      "last_user_id": 1
    }
  }, 
  {
    "pk": "3", 
    "model": "forum.topic", 
    "fields": {
      "view_count": 0, 
      "last_post_at": "2007-09-13 13:40:38", 
      "locked": false, 
      "description": "", 
      "forum": 1, 
      "title": "Topic 3", 
      "post_count": 3, 
      "pinned": false, 
      "last_username": "user", 
      "user": 3, 
      "hidden": false, 
      "started_at": "2007-09-13 13:40:38", 
      "last_user_id": 3
    }
  }, 
  {
    "pk": "2", 
    "model": "forum.topic", 
    "fields": {
      "view_count": 0, 
      "last_post_at": "2007-09-13 13:40:38", 
      "locked": false, 
      "description": "", 
      "forum": 1, 
      "title": "Topic 2", 
      "post_count": 3, 
      "pinned": false, 
      "last_username": "moderator", 
      "user": 2, 
      "hidden": false, 
      "started_at": "2007-09-13 13:40:38", 
      "last_user_id": 2
    }
  }, 
  {
    "pk": "1", 
    "model": "forum.topic", 
    "fields": {
      "view_count": 0, 
      "last_post_at": "2007-09-13 13:40:38", 
      "locked": false, 
      "description": "", 
      "forum": 1, 
      "title": "Topic 1", 
      "post_count": 3, 
      "pinned": false, 
      "last_username": "admin", 
      "user": 1, 
      "hidden": false, 
      "started_at": "2007-09-13 13:40:38", 
      "last_user_id": 1
    }
  }, 
  {
    "pk": "1", 
    "model": "forum.post", 
    "fields": {
      "body": "Post 1", 
      "edited_at": null, 
      "posted_at": "2007-09-13 13:40:38", 
      "body_html": "<p>Post 1\n<\/p>", 
      "user_ip": null, 
      "topic": 1, 
      "user": 1, 
      "num_in_topic": 1
    }
  }, 
  {
    "pk": "2", 
    "model": "forum.post", 
    "fields": {
      "body": "Post 2", 
      "edited_at": null, 
      "posted_at": "2007-09-13 13:40:38", 
      "body_html": "<p>Post 2\n<\/p>", 
      "user_ip": null, 
      "topic": 1, 
      "user": 1, 
      "num_in_topic": 2
    }
  }, 
  {
    "pk": "3", 
    "model": "forum.post", 
    "fields": {
      "body": "Post 3", 
      "edited_at": null, 
      "posted_at": "2007-09-13 13:40:38", 
      "body_html": "<p>Post 3\n<\/p>", 
      "user_ip": null, 
      "topic": 1, 
      "user": 1, 
      "num_in_topic": 3
    }
  }, 
  {
    "pk": "4", 
    "model": "forum.post", 
    "fields": {
      "body": "Post 1", 
      "edited_at": null, 
      "posted_at": "2007-09-13 13:40:38", 
      "body_html": "<p>Post 1\n<\/p>", 
      "user_ip": null, 
      "topic": 2, 
      "user": 2, 
      "num_in_topic": 1
    }
  }, 
  {
    "pk": "5", 
    "model": "forum.post", 
    "fields": {
      "body": "Post 2", 
      "edited_at": null, 
      "posted_at": "2007-09-13 13:40:38", 
      "body_html": "<p>Post 2\n<\/p>", 
      "user_ip": null, 
      "topic": 2, 
      "user": 2, 
      "num_in_topic": 2
    }
  }, 
  {
    "pk": "6", 
    "model": "forum.post", 
    "fields": {
      "body": "Post 3", 
      "edited_at": null, 
      "posted_at": "2007-09-13 13:40:38", 
      "body_html": "<p>Post 3\n<\/p>", 
      "user_ip": null, 
      "topic": 2, 
      "user": 2, 
      "num_in_topic": 3
    }
  }, 
  {
    "pk": "7", 
    "model": "forum.post", 
    "fields": {
      "body": "Post 1", 
      "edited_at": null, 
      "posted_at": "2007-09-13 13:40:38", 
      "body_html": "<p>Post 1\n<\/p>", 
      "user_ip": null, 
      "topic": 3, 
      "user": 3, 
      "num_in_topic": 1
    }
  }, 
  {
    "pk": "8", 
    "model": "forum.post", 
    "fields": {
      "body": "Post 2", 
      "edited_at": null, 
      "posted_at": "2007-09-13 13:40:38", 
      "body_html": "<p>Post 2\n<\/p>", 
      "user_ip": null, 
      "topic": 3, 
      "user": 3, 
      "num_in_topic": 2
    }
  }, 
  {
    "pk": "9", 
    "model": "forum.post", 
    "fields": {
      "body": "Post 3", 
      "edited_at": null, 
      "posted_at": "2007-09-13 13:40:38", 
      "body_html": "<p>Post 3\n<\/p>", 
      "user_ip": null, 
      "topic": 3, 
      "user": 3, 
      "num_in_topic": 3
    }
  }, 
  {
    "pk": "10", 
    "model": "forum.post", 
    "fields": {
      "body": "Post 1", 
      "edited_at": null, 
      "posted_at": "2007-09-13 13:40:38", 
      "body_html": "<p>Post 1\n<\/p>", 
      "user_ip": null, 
      "topic": 4, 
      "user": 1, 
      "num_in_topic": 1
    }
  }, 
  {
    "pk": "11", 
    "model": "forum.post", 
    "fields": {
      "body": "Post 2", 
      "edited_at": null, 
      "posted_at": "2007-09-13 13:40:38", 
      "body_html": "<p>Post 2\n<\/p>", 
      "user_ip": null, 
      "topic": 4, 
      "user": 1, 
      "num_in_topic": 2
    }
  }, 
  {
    "pk": "12", 
    "model": "forum.post", 
    "fields": {
      "body": "Post 3", 
      "edited_at": null, 
      "posted_at": "2007-09-13 13:40:38", 
      "body_html": "<p>Post 3\n<\/p>", 
      "user_ip": null, 
      "topic": 4, 
      "user": 1, 
      "num_in_topic": 3
    }
  }, 
  {
    "pk": "13", 
    "model": "forum.post", 
    "fields": {
      "body": "Post 1", 
      "edited_at": null, 
      "posted_at": "2007-09-13 13:40:38", 
      "body_html": "<p>Post 1\n<\/p>", 
      "user_ip": null, 
      "topic": 5, 
      "user": 2, 
      "num_in_topic": 1
    }
  }, 
  {
    "pk": "14", 
    "model": "forum.post", 
    "fields": {
      "body": "Post 2", 
      "edited_at": null, 
      "posted_at": "2007-09-13 13:40:38", 
      "body_html": "<p>Post 2\n<\/p>", 
      "user_ip": null, 
      "topic": 5, 
      "user": 2, 
      "num_in_topic": 2
    }
  }, 
  {
    "pk": "15", 
    "model": "forum.post", 
    "fields": {
      "body": "Post 3", 
      "edited_at": null, 
      "posted_at": "2007-09-13 13:40:38", 
      "body_html": "<p>Post 3\n<\/p>", 
      "user_ip": null, 
      "topic": 5, 
      "user": 2, 
      "num_in_topic": 3
    }
  }, 
  {
    "pk": "16", 
    "model": "forum.post", 
    "fields": {
      "body": "Post 1", 
      "edited_at": null, 
      "posted_at": "2007-09-13 13:40:38", 
      "body_html": "<p>Post 1\n<\/p>", 
      "user_ip": null, 
      "topic": 6, 
      "user": 3, 
      "num_in_topic": 1
    }
  }, 
  {
    "pk": "17", 
    "model": "forum.post", 
    "fields": {
      "body": "Post 2", 
      "edited_at": null, 
      "posted_at": "2007-09-13 13:40:38", 
      "body_html": "<p>Post 2\n<\/p>", 
      "user_ip": null, 
      "topic": 6, 
      "user": 3, 
      "num_in_topic": 2
    }
  }, 
  {
    "pk": "18", 
    "model": "forum.post", 
    "fields": {
      "body": "Post 3", 
      "edited_at": null, 
      "posted_at": "2007-09-13 13:40:38", 
      "body_html": "<p>Post 3\n<\/p>", 
      "user_ip": null, 
      "topic": 6, 
      "user": 3, 
      "num_in_topic": 3
    }
  }, 
  {
    "pk": "19", 
    "model": "forum.post", 
    "fields": {
      "body": "Post 1", 
      "edited_at": null, 
      "posted_at": "2007-09-13 13:40:38", 
      "body_html": "<p>Post 1\n<\/p>", 
      "user_ip": null, 
      "topic": 7, 
      "user": 1, 
      "num_in_topic": 1
    }
  }, 
  {
    "pk": "20", 
    "model": "forum.post", 
    "fields": {
      "body": "Post 2", 
      "edited_at": null, 
      "posted_at": "2007-09-13 13:40:38", 
      "body_html": "<p>Post 2\n<\/p>", 
      "user_ip": null, 
      "topic": 7, 
      "user": 1, 
      "num_in_topic": 2
    }
  }, 
  {
    "pk": "21", 
    "model": "forum.post", 
    "fields": {
      "body": "Post 3", 
      "edited_at": null, 
      "posted_at": "2007-09-13 13:40:38", 
      "body_html": "<p>Post 3\n<\/p>", 
      "user_ip": null, 
      "topic": 7, 
      "user": 1, 
      "num_in_topic": 3
    }
  }, 
  {
    "pk": "22", 
    "model": "forum.post", 
    "fields": {
      "body": "Post 1", 
      "edited_at": null, 
      "posted_at": "2007-09-13 13:40:38", 
      "body_html": "<p>Post 1\n<\/p>", 
      "user_ip": null, 
      "topic": 8, 
      "user": 2, 
      "num_in_topic": 1
    }
  }, 
  {
    "pk": "23", 
    "model": "forum.post", 
    "fields": {
      "body": "Post 2", 
      "edited_at": null, 
      "posted_at": "2007-09-13 13:40:38", 
      "body_html": "<p>Post 2\n<\/p>", 
      "user_ip": null, 
      "topic": 8, 
      "user": 2, 
      "num_in_topic": 2
    }
  }, 
  {
    "pk": "24", 
    "model": "forum.post", 
    "fields": {
      "body": "Post 3", 
      "edited_at": null, 
      "posted_at": "2007-09-13 13:40:38", 
      "body_html": "<p>Post 3\n<\/p>", 
      "user_ip": null, 
      "topic": 8, 
      "user": 2, 
      "num_in_topic": 3
    }
  }, 
  {
    "pk": "25", 
    "model": "forum.post", 
    "fields": {
      "body": "Post 1", 
      "edited_at": null, 
      "posted_at": "2007-09-13 13:40:38", 
      "body_html": "<p>Post 1\n<\/p>", 
      "user_ip": null, 
      "topic": 9, 
      "user": 3, 
      "num_in_topic": 1
    }
  }, 
  {
    "pk": "26", 
    "model": "forum.post", 
    "fields": {
      "body": "Post 2", 
      "edited_at": null, 
      "posted_at": "2007-09-13 13:40:38", 
      "body_html": "<p>Post 2\n<\/p>", 
      "user_ip": null, 
      "topic": 9, 
      "user": 3, 
      "num_in_topic": 2
    }
  }, 
  {
    "pk": "27", 
    "model": "forum.post", 
    "fields": {
      "body": "Post 3", 
      "edited_at": null, 
      "posted_at": "2007-09-13 13:40:38", 
      "body_html": "<p>Post 3\n<\/p>", 
      "user_ip": null, 
      "topic": 9, 
      "user": 3, 
      "num_in_topic": 3
    }
  }, 
  {
    "pk": "28", 
    "model": "forum.post", 
    "fields": {
      "body": "Post 1", 
      "edited_at": null, 
      "posted_at": "2007-09-13 13:40:38", 
      "body_html": "<p>Post 1\n<\/p>", 
      "user_ip": null, 
      "topic": 10, 
      "user": 1, 
      "num_in_topic": 1
    }
  }, 
  {
    "pk": "29", 
    "model": "forum.post", 
    "fields": {
      "body": "Post 2", 
      "edited_at": null, 
      "posted_at": "2007-09-13 13:40:38", 
      "body_html": "<p>Post 2\n<\/p>", 
      "user_ip": null, 
      "topic": 10, 
      "user": 1, 
      "num_in_topic": 2
    }
  }, 
  {
    "pk": "30", 
    "model": "forum.post", 
    "fields": {
      "body": "Post 3", 
      "edited_at": null, 
      "posted_at": "2007-09-13 13:40:38", 
      "body_html": "<p>Post 3\n<\/p>", 
      "user_ip": null, 
      "topic": 10, 
      "user": 1, 
      "num_in_topic": 3
    }
  }, 
  {
    "pk": "31", 
    "model": "forum.post", 
    "fields": {
      "body": "Post 1", 
      "edited_at": null, 
      "posted_at": "2007-09-13 13:40:38", 
      "body_html": "<p>Post 1\n<\/p>", 
      "user_ip": null, 
      "topic": 11, 
      "user": 2, 
      "num_in_topic": 1
    }
  }, 
  {
    "pk": "32", 
    "model": "forum.post", 
    "fields": {
      "body": "Post 2", 
      "edited_at": null, 
      "posted_at": "2007-09-13 13:40:38", 
      "body_html": "<p>Post 2\n<\/p>", 
      "user_ip": null, 
      "topic": 11, 
      "user": 2, 
      "num_in_topic": 2
    }
  }, 
  {
    "pk": "33", 
    "model": "forum.post", 
    "fields": {
      "body": "Post 3", 
      "edited_at": null, 
      "posted_at": "2007-09-13 13:40:38", 
      "body_html": "<p>Post 3\n<\/p>", 
      "user_ip": null, 
      "topic": 11, 
      "user": 2, 
      "num_in_topic": 3
    }
  }, 
  {
    "pk": "34", 
    "model": "forum.post", 
    "fields": {
      "body": "Post 1", 
      "edited_at": null, 
      "posted_at": "2007-09-13 13:40:38", 
      "body_html": "<p>Post 1\n<\/p>", 
      "user_ip": null, 
      "topic": 12, 
      "user": 3, 
      "num_in_topic": 1
    }
  }, 
  {
    "pk": "35", 
    "model": "forum.post", 
    "fields": {
      "body": "Post 2", 
      "edited_at": null, 
      "posted_at": "2007-09-13 13:40:38", 
      "body_html": "<p>Post 2\n<\/p>", 
      "user_ip": null, 
      "topic": 12, 
      "user": 3, 
      "num_in_topic": 2
    }
  }, 
  {
    "pk": "36", 
    "model": "forum.post", 
    "fields": {
      "body": "Post 3", 
      "edited_at": null, 
      "posted_at": "2007-09-13 13:40:38", 
      "body_html": "<p>Post 3\n<\/p>", 
      "user_ip": null, 
      "topic": 12, 
      "user": 3, 
      "num_in_topic": 3
    }
  }, 
  {
    "pk": "37", 
    "model": "forum.post", 
    "fields": {
      "body": "Post 1", 
      "edited_at": null, 
      "posted_at": "2007-09-13 13:40:38", 
      "body_html": "<p>Post 1\n<\/p>", 
      "user_ip": null, 
      "topic": 13, 
      "user": 1, 
      "num_in_topic": 1
    }
  }, 
  {
    "pk": "38", 
    "model": "forum.post", 
    "fields": {
      "body": "Post 2", 
      "edited_at": null, 
      "posted_at": "2007-09-13 13:40:38", 
      "body_html": "<p>Post 2\n<\/p>", 
      "user_ip": null, 
      "topic": 13, 
      "user": 1, 
      "num_in_topic": 2
    }
  }, 
  {
    "pk": "39", 
    "model": "forum.post", 
    "fields": {
      "body": "Post 3", 
      "edited_at": null, 
      "posted_at": "2007-09-13 13:40:38", 
      "body_html": "<p>Post 3\n<\/p>", 
      "user_ip": null, 
      "topic": 13, 
      "user": 1, 
      "num_in_topic": 3
    }
  }, 
  {
    "pk": "40", 
    "model": "forum.post", 
    "fields": {
      "body": "Post 1", 
      "edited_at": null, 
      "posted_at": "2007-09-13 13:40:38", 
      "body_html": "<p>Post 1\n<\/p>", 
      "user_ip": null, 
      "topic": 14, 
      "user": 2, 
      "num_in_topic": 1
    }
  }, 
  {
    "pk": "41", 
    "model": "forum.post", 
    "fields": {
      "body": "Post 2", 
      "edited_at": null, 
      "posted_at": "2007-09-13 13:40:38", 
      "body_html": "<p>Post 2\n<\/p>", 
      "user_ip": null, 
      "topic": 14, 
      "user": 2, 
      "num_in_topic": 2
    }
  }, 
  {
    "pk": "42", 
    "model": "forum.post", 
    "fields": {
      "body": "Post 3", 
      "edited_at": null, 
      "posted_at": "2007-09-13 13:40:38", 
      "body_html": "<p>Post 3\n<\/p>", 
      "user_ip": null, 
      "topic": 14, 
      "user": 2, 
      "num_in_topic": 3
    }
  }, 
  {
    "pk": "43", 
    "model": "forum.post", 
    "fields": {
      "body": "Post 1", 
      "edited_at": null, 
      "posted_at": "2007-09-13 13:40:38", 
      "body_html": "<p>Post 1\n<\/p>", 
      "user_ip": null, 
      "topic": 15, 
      "user": 3, 
      "num_in_topic": 1
    }
  }, 
  {
    "pk": "44", 
    "model": "forum.post", 
    "fields": {
      "body": "Post 2", 
      "edited_at": null, 
      "posted_at": "2007-09-13 13:40:38", 
      "body_html": "<p>Post 2\n<\/p>", 
      "user_ip": null, 
      "topic": 15, 
      "user": 3, 
      "num_in_topic": 2
    }
  }, 
  {
    "pk": "45", 
    "model": "forum.post", 
    "fields": {
      "body": "Post 3", 
      "edited_at": null, 
      "posted_at": "2007-09-13 13:40:38", 
      "body_html": "<p>Post 3\n<\/p>", 
      "user_ip": null, 
      "topic": 15, 
      "user": 3, 
      "num_in_topic": 3
    }
  }, 
  {
    "pk": "46", 
    "model": "forum.post", 
    "fields": {
      "body": "Post 1", 
      "edited_at": null, 
      "posted_at": "2007-09-13 13:40:38", 
      "body_html": "<p>Post 1\n<\/p>", 
      "user_ip": null, 
      "topic": 16, 
      "user": 1, 
      "num_in_topic": 1
    }
  }, 
  {
    "pk": "47", 
    "model": "forum.post", 
    "fields": {
      "body": "Post 2", 
      "edited_at": null, 
      "posted_at": "2007-09-13 13:40:38", 
      "body_html": "<p>Post 2\n<\/p>", 
      "user_ip": null, 
      "topic": 16, 
      "user": 1, 
      "num_in_topic": 2
    }
  }, 
  {
    "pk": "48", 
    "model": "forum.post", 
    "fields": {
      "body": "Post 3", 
      "edited_at": null, 
      "posted_at": "2007-09-13 13:40:38", 
      "body_html": "<p>Post 3\n<\/p>", 
      "user_ip": null, 
      "topic": 16, 
      "user": 1, 
      "num_in_topic": 3
    }
  }, 
  {
    "pk": "49", 
    "model": "forum.post", 
    "fields": {
      "body": "Post 1", 
      "edited_at": null, 
      "posted_at": "2007-09-13 13:40:38", 
      "body_html": "<p>Post 1\n<\/p>", 
      "user_ip": null, 
      "topic": 17, 
      "user": 2, 
      "num_in_topic": 1
    }
  }, 
  {
    "pk": "50", 
    "model": "forum.post", 
    "fields": {
      "body": "Post 2", 
      "edited_at": null, 
      "posted_at": "2007-09-13 13:40:38", 
      "body_html": "<p>Post 2\n<\/p>", 
      "user_ip": null, 
      "topic": 17, 
      "user": 2, 
      "num_in_topic": 2
    }
  }, 
  {
    "pk": "51", 
    "model": "forum.post", 
    "fields": {
      "body": "Post 3", 
      "edited_at": null, 
      "posted_at": "2007-09-13 13:40:38", 
      "body_html": "<p>Post 3\n<\/p>", 
      "user_ip": null, 
      "topic": 17, 
      "user": 2, 
      "num_in_topic": 3
    }
  }, 
  {
    "pk": "52", 
    "model": "forum.post", 
    "fields": {
      "body": "Post 1", 
      "edited_at": null, 
      "posted_at": "2007-09-13 13:40:38", 
      "body_html": "<p>Post 1\n<\/p>", 
      "user_ip": null, 
      "topic": 18, 
      "user": 3, 
      "num_in_topic": 1
    }
  }, 
  {
    "pk": "53", 
    "model": "forum.post", 
    "fields": {
      "body": "Post 2", 
      "edited_at": null, 
      "posted_at": "2007-09-13 13:40:38", 
      "body_html": "<p>Post 2\n<\/p>", 
      "user_ip": null, 
      "topic": 18, 
      "user": 3, 
      "num_in_topic": 2
    }
  }, 
  {
    "pk": "54", 
    "model": "forum.post", 
    "fields": {
      "body": "Post 3", 
      "edited_at": null, 
      "posted_at": "2007-09-13 13:40:38", 
      "body_html": "<p>Post 3\n<\/p>", 
      "user_ip": null, 
      "topic": 18, 
      "user": 3, 
      "num_in_topic": 3
    }
  }, 
  {
    "pk": "55", 
    "model": "forum.post", 
    "fields": {
      "body": "Post 1", 
      "edited_at": null, 
      "posted_at": "2007-09-13 13:40:38", 
      "body_html": "<p>Post 1\n<\/p>", 
      "user_ip": null, 
      "topic": 19, 
      "user": 1, 
      "num_in_topic": 1
    }
  }, 
  {
    "pk": "56", 
    "model": "forum.post", 
    "fields": {
      "body": "Post 2", 
      "edited_at": null, 
      "posted_at": "2007-09-13 13:40:38", 
      "body_html": "<p>Post 2\n<\/p>", 
      "user_ip": null, 
      "topic": 19, 
      "user": 1, 
      "num_in_topic": 2
    }
  }, 
  {
    "pk": "57", 
    "model": "forum.post", 
    "fields": {
      "body": "Post 3", 
      "edited_at": null, 
      "posted_at": "2007-09-13 13:40:38", 
      "body_html": "<p>Post 3\n<\/p>", 
      "user_ip": null, 
      "topic": 19, 
      "user": 1, 
      "num_in_topic": 3
    }
  }, 
  {
    "pk": "58", 
    "model": "forum.post", 
    "fields": {
      "body": "Post 1", 
      "edited_at": null, 
      "posted_at": "2007-09-13 13:40:38", 
      "body_html": "<p>Post 1\n<\/p>", 
      "user_ip": null, 
      "topic": 20, 
      "user": 2, 
      "num_in_topic": 1
    }
  }, 
  {
    "pk": "59", 
    "model": "forum.post", 
    "fields": {
      "body": "Post 2", 
      "edited_at": null, 
      "posted_at": "2007-09-13 13:40:38", 
      "body_html": "<p>Post 2\n<\/p>", 
      "user_ip": null, 
      "topic": 20, 
      "user": 2, 
      "num_in_topic": 2
    }
  }, 
  {
    "pk": "60", 
    "model": "forum.post", 
    "fields": {
      "body": "Post 3", 
      "edited_at": null, 
      "posted_at": "2007-09-13 13:40:38", 
      "body_html": "<p>Post 3\n<\/p>", 
      "user_ip": null, 
      "topic": 20, 
      "user": 2, 
      "num_in_topic": 3
    }
  }, 
  {
    "pk": "61", 
    "model": "forum.post", 
    "fields": {
      "body": "Post 1", 
      "edited_at": null, 
      "posted_at": "2007-09-13 13:40:38", 
      "body_html": "<p>Post 1\n<\/p>", 
      "user_ip": null, 
      "topic": 21, 
      "user": 3, 
      "num_in_topic": 1
    }
  }, 
  {
    "pk": "62", 
    "model": "forum.post", 
    "fields": {
      "body": "Post 2", 
      "edited_at": null, 
      "posted_at": "2007-09-13 13:40:38", 
      "body_html": "<p>Post 2\n<\/p>", 
      "user_ip": null, 
      "topic": 21, 
      "user": 3, 
      "num_in_topic": 2
    }
  }, 
  {
    "pk": "63", 
    "model": "forum.post", 
    "fields": {
      "body": "Post 3", 
      "edited_at": null, 
      "posted_at": "2007-09-13 13:40:38", 
      "body_html": "<p>Post 3\n<\/p>", 
      "user_ip": null, 
      "topic": 21, 
      "user": 3, 
      "num_in_topic": 3
    }
  }, 
  {
    "pk": "64", 
    "model": "forum.post", 
    "fields": {
      "body": "Post 1", 
      "edited_at": null, 
      "posted_at": "2007-09-13 13:40:38", 
      "body_html": "<p>Post 1\n<\/p>", 
      "user_ip": null, 
      "topic": 22, 
      "user": 1, 
      "num_in_topic": 1
    }
  }, 
  {
    "pk": "65", 
    "model": "forum.post", 
    "fields": {
      "body": "Post 2", 
      "edited_at": null, 
      "posted_at": "2007-09-13 13:40:38", 
      "body_html": "<p>Post 2\n<\/p>", 
      "user_ip": null, 
      "topic": 22, 
      "user": 1, 
      "num_in_topic": 2
    }
  }, 
  {
    "pk": "66", 
    "model": "forum.post", 
    "fields": {
      "body": "Post 3", 
      "edited_at": null, 
      "posted_at": "2007-09-13 13:40:38", 
      "body_html": "<p>Post 3\n<\/p>", 
      "user_ip": null, 
      "topic": 22, 
      "user": 1, 
      "num_in_topic": 3
    }
  }, 
  {
    "pk": "67", 
    "model": "forum.post", 
    "fields": {
      "body": "Post 1", 
      "edited_at": null, 
      "posted_at": "2007-09-13 13:40:38", 
      "body_html": "<p>Post 1\n<\/p>", 
      "user_ip": null, 
      "topic": 23, 
      "user": 2, 
      "num_in_topic": 1
    }
  }, 
  {
    "pk": "68", 
    "model": "forum.post", 
    "fields": {
      "body": "Post 2", 
      "edited_at": null, 
      "posted_at": "2007-09-13 13:40:38", 
      "body_html": "<p>Post 2\n<\/p>", 
      "user_ip": null, 
      "topic": 23, 
      "user": 2, 
      "num_in_topic": 2
    }
  }, 
  {
    "pk": "69", 
    "model": "forum.post", 
    "fields": {
      "body": "Post 3", 
      "edited_at": null, 
      "posted_at": "2007-09-13 13:40:38", 
      "body_html": "<p>Post 3\n<\/p>", 
      "user_ip": null, 
      "topic": 23, 
      "user": 2, 
      "num_in_topic": 3
    }
  }, 
  {
    "pk": "70", 
    "model": "forum.post", 
    "fields": {
      "body": "Post 1", 
      "edited_at": null, 
      "posted_at": "2007-09-13 13:40:38", 
      "body_html": "<p>Post 1\n<\/p>", 
      "user_ip": null, 
      "topic": 24, 
      "user": 3, 
      "num_in_topic": 1
    }
  }, 
  {
    "pk": "71", 
    "model": "forum.post", 
    "fields": {
      "body": "Post 2", 
      "edited_at": null, 
      "posted_at": "2007-09-13 13:40:38", 
      "body_html": "<p>Post 2\n<\/p>", 
      "user_ip": null, 
      "topic": 24, 
      "user": 3, 
      "num_in_topic": 2
    }
  }, 
  {
    "pk": "72", 
    "model": "forum.post", 
    "fields": {
      "body": "Post 3", 
      "edited_at": null, 
      "posted_at": "2007-09-13 13:40:38", 
      "body_html": "<p>Post 3\n<\/p>", 
      "user_ip": null, 
      "topic": 24, 
      "user": 3, 
      "num_in_topic": 3
    }
  }, 
  {
    "pk": "73", 
    "model": "forum.post", 
    "fields": {
      "body": "Post 1", 
      "edited_at": null, 
      "posted_at": "2007-09-13 13:40:38", 
      "body_html": "<p>Post 1\n<\/p>", 
      "user_ip": null, 
      "topic": 25, 
      "user": 1, 
      "num_in_topic": 1
    }
  }, 
  {
    "pk": "74", 
    "model": "forum.post", 
    "fields": {
      "body": "Post 2", 
      "edited_at": null, 
      "posted_at": "2007-09-13 13:40:38", 
      "body_html": "<p>Post 2\n<\/p>", 
      "user_ip": null, 
      "topic": 25, 
      "user": 1, 
      "num_in_topic": 2
    }
  }, 
  {
    "pk": "75", 
    "model": "forum.post", 
    "fields": {
      "body": "Post 3", 
      "edited_at": null, 
      "posted_at": "2007-09-13 13:40:38", 
      "body_html": "<p>Post 3\n<\/p>", 
      "user_ip": null, 
      "topic": 25, 
      "user": 1, 
      "num_in_topic": 3
    }
  }, 
  {
    "pk": "76", 
    "model": "forum.post", 
    "fields": {
      "body": "Post 1", 
      "edited_at": null, 
      "posted_at": "2007-09-13 13:40:38", 
      "body_html": "<p>Post 1\n<\/p>", 
      "user_ip": null, 
      "topic": 26, 
      "user": 2, 
      "num_in_topic": 1
    }
  }, 
  {
    "pk": "77", 
    "model": "forum.post", 
    "fields": {
      "body": "Post 2", 
      "edited_at": null, 
      "posted_at": "2007-09-13 13:40:38", 
      "body_html": "<p>Post 2\n<\/p>", 
      "user_ip": null, 
      "topic": 26, 
      "user": 2, 
      "num_in_topic": 2
    }
  }, 
  {
    "pk": "78", 
    "model": "forum.post", 
    "fields": {
      "body": "Post 3", 
      "edited_at": null, 
      "posted_at": "2007-09-13 13:40:38", 
      "body_html": "<p>Post 3\n<\/p>", 
      "user_ip": null, 
      "topic": 26, 
      "user": 2, 
      "num_in_topic": 3
    }
  }, 
  {
    "pk": "79", 
    "model": "forum.post", 
    "fields": {
      "body": "Post 1", 
      "edited_at": null, 
      "posted_at": "2007-09-13 13:40:38", 
      "body_html": "<p>Post 1\n<\/p>", 
      "user_ip": null, 
      "topic": 27, 
      "user": 3, 
      "num_in_topic": 1
    }
  }, 
  {
    "pk": "80", 
    "model": "forum.post", 
    "fields": {
      "body": "Post 2", 
      "edited_at": null, 
      "posted_at": "2007-09-13 13:40:38", 
      "body_html": "<p>Post 2\n<\/p>", 
      "user_ip": null, 
      "topic": 27, 
      "user": 3, 
      "num_in_topic": 2
    }
  }, 
  {
    "pk": "81", 
    "model": "forum.post", 
    "fields": {
      "body": "Post 3", 
      "edited_at": null, 
      "posted_at": "2007-09-13 13:40:38", 
      "body_html": "<p>Post 3\n<\/p>", 
      "user_ip": null, 
      "topic": 27, 
      "user": 3, 
      "num_in_topic": 3
    }
  }, 
  {
    "pk": "1", 
    "model": "forum.forumprofile", 
    "fields": {
      "website": "", 
      "group": "A", 
      "title": "", 
      "post_count": 27, 
      "posts_per_page": null, 
      "avatar": "", 
      "auto_fast_reply": false, 
      "topics_per_page": null, 
      "location": "", 
      "timezone": "", 
      "user": 1
    }
  }, 
  {
    "pk": "2", 
    "model": "forum.forumprofile", 
    "fields": {
      "website": "", 
      "group": "M", 
      "title": "", 
      "post_count": 27, 
      "posts_per_page": null, 
      "avatar": "", 
      "auto_fast_reply": false, 
      "topics_per_page": null, 
      "location": "", 
      "timezone": "", 
      "user": 2
    }
  }, 
  {
    "pk": "3", 
    "model": "forum.forumprofile", 
    "fields": {
      "website": "", 
      "group": "U", 
      "title": "", 
      "post_count": 27, 
      "posts_per_page": null, 
      "avatar": "", 
      "auto_fast_reply": false, 
      "topics_per_page": null, 
      "location": "", 
      "timezone": "", 
      "user": 3
    }
  }, 
  {
    "pk": "1", 
    "model": "forum.section", 
    "fields": {
      "name": "Section 1", 
      "order": 1
    }
  }, 
  {
    "pk": "2", 
    "model": "forum.section", 
    "fields": {
      "name": "Section 2", 
      "order": 2
    }
  }, 
  {
    "pk": "3", 
    "model": "forum.section", 
    "fields": {
      "name": "Section 3", 
      "order": 3
    }
  }, 
  {
    "pk": "1", 
    "model": "forum.forum", 
    "fields": {
      "locked": false, 
      "name": "Forum 1", 
      "last_username": "user", 
      "section": 1, 
      "topic_count": 3, 
      "last_user_id": 3, 
      "last_topic_title": "Topic 3", 
      "last_topic_id": 3, 
      "hidden": false, 
      "last_post_at": "2007-09-13 13:40:38", 
      "order": 1, 
      "description": ""
    }
  }, 
  {
    "pk": "4", 
    "model": "forum.forum", 
    "fields": {
      "locked": false, 
      "name": "Forum 1", 
      "last_username": "user", 
      "section": 2, 
      "topic_count": 3, 
      "last_user_id": 3, 
      "last_topic_title": "Topic 3", 
      "last_topic_id": 12, 
      "hidden": false, 
      "last_post_at": "2007-09-13 13:40:38", 
      "order": 1, 
      "description": ""
    }
  }, 
  {
    "pk": "7", 
    "model": "forum.forum", 
    "fields": {
      "locked": false, 
      "name": "Forum 1", 
      "last_username": "user", 
      "section": 3, 
      "topic_count": 3, 
      "last_user_id": 3, 
      "last_topic_title": "Topic 3", 
      "last_topic_id": 21, 
      "hidden": false, 
      "last_post_at": "2007-09-13 13:40:38", 
      "order": 1, 
      "description": ""
    }
  }, 
  {
    "pk": "2", 
    "model": "forum.forum", 
    "fields": {
      "locked": false, 
      "name": "Forum 2", 
      "last_username": "user", 
      "section": 1, 
      "topic_count": 3, 
      "last_user_id": 3, 
      "last_topic_title": "Topic 3", 
      "last_topic_id": 6, 
      "hidden": false, 
      "last_post_at": "2007-09-13 13:40:38", 
      "order": 2, 
      "description": ""
    }
  }, 
  {
    "pk": "5", 
    "model": "forum.forum", 
    "fields": {
      "locked": false, 
      "name": "Forum 2", 
      "last_username": "user", 
      "section": 2, 
      "topic_count": 3, 
      "last_user_id": 3, 
      "last_topic_title": "Topic 3", 
      "last_topic_id": 15, 
      "hidden": false, 
      "last_post_at": "2007-09-13 13:40:38", 
      "order": 2, 
      "description": ""
    }
  }, 
  {
    "pk": "8", 
    "model": "forum.forum", 
    "fields": {
      "locked": false, 
      "name": "Forum 2", 
      "last_username": "user", 
      "section": 3, 
      "topic_count": 3, 
      "last_user_id": 3, 
      "last_topic_title": "Topic 3", 
      "last_topic_id": 24, 
      "hidden": false, 
      "last_post_at": "2007-09-13 13:40:38", 
      "order": 2, 
      "description": ""
    }
  }, 
  {
    "pk": "3", 
    "model": "forum.forum", 
    "fields": {
      "locked": false, 
      "name": "Forum 3", 
      "last_username": "user", 
      "section": 1, 
      "topic_count": 3, 
      "last_user_id": 3, 
      "last_topic_title": "Topic 3", 
      "last_topic_id": 9, 
      "hidden": false, 
      "last_post_at": "2007-09-13 13:40:38", 
      "order": 3, 
      "description": ""
    }
  }, 
  {
    "pk": "6", 
    "model": "forum.forum", 
    "fields": {
      "locked": false, 
      "name": "Forum 3", 
      "last_username": "user", 
      "section": 2, 
      "topic_count": 3, 
      "last_user_id": 3, 
      "last_topic_title": "Topic 3", 
      "last_topic_id": 18, 
      "hidden": false, 
      "last_post_at": "2007-09-13 13:40:38", 
      "order": 3, 
      "description": ""
    }
  }, 
  {
    "pk": "9", 
    "model": "forum.forum", 
    "fields": {
      "locked": false, 
      "name": "Forum 3", 
      "last_username": "user", 
      "section": 3, 
      "topic_count": 3, 
      "last_user_id": 3, 
      "last_topic_title": "Topic 3", 
      "last_topic_id": 27, 
      "hidden": false, 
      "last_post_at": "2007-09-13 13:40:38", 
      "order": 3, 
      "description": ""
    }
  }
]
